,0,1,2,3,4,5,6,7,8,9,10,11,12,13,14,15,16,17,18,artist_num
1,0,愛されなくても君がいる,PINOCCHIOP BEST ALBUM 2009-2020 寿,PinocchioP,2021-03-03,272000,14,1,0,0.574,0.0287,0.793,0.0,0.11,-5.311,0.0389,150.041,4,0.377,1
2,1,Because You're Here,PinocchioP Best Album 2009-2020 Kotobuki,PinocchioP,2021-03-03,272000,16,1,0,0.574,0.0287,0.793,0.0,0.11,-5.311,0.0389,150.041,4,0.377,1
3,2,五臓六腑 -Opening- Live from 五臓六腑 Tour 2019 at Tokyo,ピノキオピー Live from 五臓六腑 Tour 2019 at Tokyo,PinocchioP,2020-02-28,67340,3,11,0,0.741,0.532,0.566,0.795,0.0974,-16.659,0.083,112.994,4,0.154,1
4,3,GOZOU-ROPPU -Opening- Live from Gozou-Roppu Tour 2019 at Tokyo,PinocchioP Live from Gozou-Roppu Tour 2019 at Tokyo,PinocchioP,2020-02-28,67340,4,11,0,0.741,0.532,0.566,0.795,0.0974,-16.659,0.083,112.994,4,0.154,1
5,4,玉葱+,P+,PinocchioP,2019-08-19,144800,15,6,1,0.59,0.053,0.916,0.0,0.127,-5.535,0.0489,150.021,4,0.905,1
6,5,Onion+,P+,PinocchioP,2019-08-19,144800,19,6,1,0.59,0.053,0.916,0.0,0.127,-5.535,0.0489,150.021,4,0.905,1
7,6,ぼくらはみんな意味不明,零号,PinocchioP,2019-02-27,233000,31,6,0,0.665,0.0106,0.857,0.00358,0.058,-5.54,0.0584,112.944,4,0.669,1
8,7,Nobody Makes Sense,ZERO-GO,PinocchioP,2019-02-27,233000,41,6,0,0.665,0.0106,0.857,0.00358,0.058,-5.54,0.0584,112.944,4,0.669,1
9,8,増殖する今村,増殖する今村,PinocchioP,2018-01-24,181461,12,0,1,0.748,0.189,0.805,0.0037,0.0515,-5.961,0.0389,140.006,4,0.965,1
10,9,Floating Shelter,Comic and Cosmic,PinocchioP,2016-12-31,223272,7,1,1,0.529,0.0261,0.94,8.16e-05,0.0949,-3.741,0.14,164.755,4,0.505,1
11,10,Floating Shelter,Comic and Cosmic,PinocchioP,2016-12-31,223272,11,1,1,0.529,0.0261,0.94,8.16e-05,0.0949,-3.741,0.14,164.755,4,0.505,1
12,11,ニッポンの夜明け,HUMAN,PinocchioP,2016-11-23,148133,3,9,1,0.604,0.343,0.965,0.0998,0.228,-4.541,0.0362,128.028,4,0.543,1
13,12,The Dawn of Japan,Human,PinocchioP,2016-11-23,148133,9,9,1,0.604,0.343,0.965,0.0998,0.228,-4.541,0.0362,128.028,4,0.543,1
14,13,Tokyo Mannequin,Antenna,PinocchioP,2015-12-31,246408,11,1,1,0.607,0.0632,0.941,0.000352,0.0869,-1.988,0.0606,159.841,4,0.18,1
15,14,東京マヌカン,Antenna,PinocchioP,2015-12-31,246408,7,1,1,0.607,0.0632,0.941,0.000352,0.0869,-1.988,0.0606,159.841,4,0.18,1
16,15,しぼう,しぼう,PinocchioP,2014-12-03,130000,4,4,1,0.48,0.267,0.619,0.00519,0.58,-8.012,0.0697,87.49,4,0.344,1
17,16,SHI-BOU,SHI-BOU,PinocchioP,2014-12-03,130000,12,4,1,0.48,0.267,0.619,0.00519,0.58,-8.012,0.0697,87.49,4,0.344,1
18,17,elf,Яareno Collection,PinocchioP,2014-08-17,99721,2,9,1,0.656,0.00127,0.92,0.00989,0.238,-4.068,0.0358,115.046,4,0.731,1
19,18,elf,Rare-no Collection,PinocchioP,2014-08-17,99721,3,9,1,0.656,0.00127,0.92,0.00989,0.238,-4.068,0.0358,115.046,4,0.731,1
20,19,ありふれたせかいせいふく feat.初音ミク,Obscure Questions(オブスキュア クエスチョンズ) [feat. Hatsune Miku],PinocchioP,2012-07-04,200900,34,1,0,0.514,0.00855,0.969,0.000697,0.2,-2.908,0.126,149.904,4,0.757,1
21,20,Common World Domination,Obscure Questions,PinocchioP,2012,200900,46,1,0,0.514,0.00855,0.969,0.000681,0.2,-2.908,0.126,149.907,4,0.757,1
22,21,ぼくとわたしと少年少女,poncotsu,PinocchioP,2011-02-09,224583,5,0,1,0.464,0.143,0.765,0.0,0.039,-1.015,0.061,144.933,4,0.584,1
23,22,あかんぼ,ハナガノビール,PinocchioP,2010-03-03,281611,5,7,1,0.544,0.0409,0.877,0.0,0.0789,-4.839,0.0806,120.041,4,0.252,1
24,23,ノンブレス・オブリージュ,ノンブレス・オブリージュ,PinocchioP,2021-06-03,208991,43,0,1,0.606,0.0943,0.852,1.89e-06,0.0991,-4.996,0.0881,147.997,4,0.526,1
25,24,Non-breath oblige,Non-breath oblige,PinocchioP,2021-06-03,208991,45,0,1,0.606,0.0943,0.852,1.89e-06,0.0991,-4.996,0.0881,147.997,4,0.526,1
26,25,リアルにぶっとばす,リアルにぶっとばす,PinocchioP,2021-04-06,207768,31,2,1,0.573,0.0881,0.95,0.0,0.0353,-5.73,0.254,160.016,4,0.698,1
27,26,KICK-ASS *LITERALLY,KICK-ASS *LITERALLY,PinocchioP,2021-04-06,207768,32,2,1,0.573,0.0881,0.95,0.0,0.0353,-5.73,0.254,160.016,4,0.698,1
28,27,愛されなくても君がいる,愛されなくても君がいる,PinocchioP,2021-03-03,272333,37,1,0,0.548,0.00945,0.828,4.8e-06,0.101,-4.374,0.0537,150.005,4,0.31,1
29,28,Because You're Here,Because You're Here,PinocchioP,2021-03-03,272333,46,1,0,0.548,0.00945,0.828,4.8e-06,0.101,-4.374,0.0537,150.005,4,0.31,1
30,29,ラヴィット,ラヴィット,PinocchioP,2020-10-17,218068,51,1,0,0.667,0.0154,0.763,2.64e-05,0.552,-5.349,0.042,145.037,4,0.482,1
31,30,Loveit,Loveit,PinocchioP,2020-10-17,218068,42,1,0,0.667,0.0154,0.763,2.64e-05,0.552,-5.349,0.042,145.037,4,0.482,1
32,31,アルティメットセンパイ,アルティメットセンパイ,PinocchioP,2020-08-15,218068,30,1,0,0.742,0.00619,0.674,0.0553,0.0971,-4.995,0.052,145.025,4,0.694,1
33,32,Ultimate Senpai,Ultimate Senpai,PinocchioP,2020-08-15,218068,35,1,0,0.742,0.00619,0.674,0.0553,0.0971,-4.995,0.052,145.025,4,0.694,1
34,33,シークレットひみつ,シークレットひみつ,PinocchioP,2020-08-15,219870,22,6,1,0.588,0.00242,0.84,0.000577,0.135,-4.403,0.0347,154.986,4,0.768,1
35,34,Secret HIMITSU,Secret HIMITSU,PinocchioP,2020-08-15,219870,32,6,1,0.588,0.00242,0.84,0.000577,0.135,-4.403,0.0347,154.986,4,0.768,1
36,35,恋の恋による恋のための恋,恋の恋による恋のための恋,PinocchioP,2020-08-15,238222,21,5,1,0.568,0.557,0.865,7.41e-06,0.319,-3.998,0.0394,135.032,4,0.422,1
37,36,Love of Love by Love for Love,Love of Love by Love for Love,PinocchioP,2020-08-15,238222,32,5,1,0.568,0.557,0.865,7.41e-06,0.319,-3.998,0.0394,135.032,4,0.422,1
38,37,Goodbyes,Goodbyes,Hikarisyuyo,2020-10-15,225047,4,0,0,0.703,0.803,0.584,0.0978,0.106,-7.666,0.106,130.113,4,0.414,1
39,38,VILLAIN - TYPE A - Inst,ベノマ,Kairiki Bear,2020-01-15,86026,16,10,1,0.305,0.477,0.483,0.352,0.268,-12.879,0.137,186.862,3,0.321,1
40,39,Towa no Kizuna,Towa no Kizuna (Standard Edition),Various Artists,2017-11-01,218640,16,8,0,0.615,0.207,0.992,6.08e-05,0.322,-3.459,0.103,143.983,4,0.665,1
41,40,その群青が愛しかったようだった,アテインリレイション,Various Artists,2016-12-29,160533,22,7,1,0.57,0.00129,0.951,0.000884,0.349,-4.707,0.0328,109.963,4,0.842,1
42,41,Sonogunjyogaitoshikattayoudatta,Ateinrelation,Various Artists,2016-12-29,160533,12,7,1,0.57,0.00129,0.951,0.000884,0.349,-4.707,0.0328,109.963,4,0.842,1
43,42,Yuudachi No Ribbon,Vocaloid3 Library Mayu,Various Artists,2015-12-02,228000,27,1,0,0.516,0.0239,0.978,0.000602,0.0732,-2.61,0.0615,114.97,4,0.668,1
44,43,Noushou Sakuretsu Girl,Vivid Colors -Touyu Best-,Various Artists,2015-09-09,193906,19,8,1,0.607,0.0201,0.908,0.0,0.31,-4.229,0.0968,155.219,4,0.725,1
45,44,Risky Game,Exit Tunes Presents Ikemen Voice Paradise 3,Various Artists,2015-08-01,209000,10,7,0,0.68,0.635,0.654,0.0,0.0988,-4.509,0.0514,133.007,4,0.728,1
46,45,Inori,Exit Tunes Presents Supernova 5,Various Artists,2015-08-01,279000,1,3,1,0.445,0.0439,0.942,0.0,0.0647,-3.472,0.0574,93.292,4,0.502,1
47,46,Go! Shichi! Go!,"""""""Utayui 575"""" Azuki To Maccha Character Song Collection!!""",Various Artists,2015-08-01,185500,0,8,1,0.44,0.0241,0.901,0.0,0.243,-3.632,0.0441,101.002,3,0.435,1
48,47,カゲロウデイズ -初音ミク「マジカルミライ 2014」Live-,初音ミク「マジカルミライ 2014」 [Live],Various Artists,2015-02-25,235856,31,4,0,0.557,0.347,0.97,0.0,0.924,-2.205,0.0794,100.006,4,0.661,1
49,48,Waltz of Knives,MIKU-MIXTURE,Various Artists,2014-02-19,315626,8,0,1,0.385,0.386,0.8,0.00579,0.0856,-6.615,0.049,152.982,4,0.143,1
50,49,Waltz of Knives,MIKU-MIXTURE,Various Artists,2014-02-19,315626,1,0,1,0.385,0.386,0.8,0.00579,0.0856,-6.615,0.049,152.982,4,0.143,1
51,50,赤心性:カマトト荒療治 feat.赤飯(カバー),赤BAN,Sekihan,2013-06-19,227789,8,11,0,0.568,0.00216,0.988,0.000141,0.0838,-2.57,0.0944,102.48,4,0.622,1
52,51,Sekishinsei: Kamatoto Araryouji,Aka Ban,Various Artists,2013,227789,15,11,0,0.568,0.00216,0.988,0.000141,0.0838,-2.57,0.0944,102.48,4,0.622,1
53,52,Tokyo Pleasure Ground -Prologue-,Tokyo Pleasure Ground,Various Artists,2013,38100,0,9,1,0.554,0.000227,0.991,0.512,0.047,-5.041,0.0459,120.036,4,0.558,1
54,53,Erehwon No Fumoto De,Kaku Eiga Ongakushu 2,Tohru Okada,2012-08-08,180480,0,5,1,0.232,0.524,0.695,0.95,0.291,-6.763,0.0648,164.978,4,0.375,1
55,54,幽霊屋敷の首吊り少女 feat.灯油(カバー),トモシビアブラ,TOUYU,2012-06-20,269732,0,0,0,0.261,0.0251,0.897,2.21e-05,0.114,-2.674,0.044,88.223,4,0.783,1
56,55,Yuurei Yashiki No Kubitsuri Shoujo,Tomoshibi Abura,Various Artists,2012,269732,9,0,0,0.261,0.0251,0.897,2.21e-05,0.114,-2.674,0.044,88.223,4,0.783,1
57,56,Shuukan Shounen Bye Bye,Exit Tunes Presents Supernova 8,Various Artists,2012,198800,2,9,0,0.435,0.00102,0.899,0.00859,0.331,-2.813,0.141,167.912,4,0.736,1
58,57,ヴィデオ ボーイ,初音ミク plays 月光下騎士団(ムーンライダーズ),Plusico Produced By Thomas O'hara,2011-12-14,228706,0,0,1,0.699,0.00358,0.747,0.000164,0.381,-5.611,0.0303,137.992,4,0.931,1
59,58,永久のキズナ - feat. Another Infinity,永久のキズナ [feat. Another Infinity(通常盤)],Daisy×Daisy,2011-10-19,218640,0,8,0,0.615,0.207,0.992,6.08e-05,0.322,-3.459,0.103,143.983,4,0.665,1
60,59,リスキーゲーム (feat. nero),EXIT TUNES PRESENTS イケメンボイスパラダイス 3,Various Artists,2011-06-15,209000,0,7,0,0.68,0.635,0.654,0.0,0.0988,-4.509,0.0514,133.007,4,0.728,1
61,60,inori,EXIT TUNES PRESENTS Supernova(スーパーノヴァ)5 ジャケットイラスト:なぎみそ,Various Artists,2011-04-29,279000,0,3,1,0.445,0.0439,0.942,0.0,0.0647,-3.472,0.0574,93.292,4,0.502,1
63,0,ノンブレス・オブリージュ,ノンブレス・オブリージュ,PinocchioP,2021-06-03,208991,43,0,1,0.606,0.0943,0.852,1.89e-06,0.0991,-4.996,0.0881,147.997,4,0.526,1
64,1,リアルにぶっとばす,リアルにぶっとばす,PinocchioP,2021-04-06,207768,31,2,1,0.573,0.0881,0.95,0.0,0.0353,-5.73,0.254,160.016,4,0.698,1
65,2,愛されなくても君がいる,愛されなくても君がいる,PinocchioP,2021-03-03,272333,37,1,0,0.548,0.00945,0.828,4.8e-06,0.101,-4.374,0.0537,150.005,4,0.31,1
66,3,ラヴィット,ラヴィット,PinocchioP,2020-10-17,218068,51,1,0,0.667,0.0154,0.763,2.64e-05,0.552,-5.349,0.042,145.037,4,0.482,1
67,4,恋の恋による恋のための恋,恋の恋による恋のための恋,PinocchioP,2020-08-15,238222,21,5,1,0.568,0.557,0.865,7.41e-06,0.319,-3.998,0.0394,135.032,4,0.422,1
68,5,シークレットひみつ,シークレットひみつ,PinocchioP,2020-08-15,219870,22,6,1,0.588,0.00242,0.84,0.000577,0.135,-4.403,0.0347,154.986,4,0.768,1
69,6,アルティメットセンパイ,アルティメットセンパイ,PinocchioP,2020-08-15,218068,30,1,0,0.742,0.00619,0.674,0.0553,0.0971,-4.995,0.052,145.025,4,0.694,1
71,0,ネオネオン,アンデッドアリス,DECO*27,2020-12-16,185957,44,6,1,0.737,0.0886,0.704,0.000124,0.114,-5.16,0.0353,129.98,4,0.762,2
72,1,Reunion,アンドロイドガール,DECO*27,2019-05-22,37226,27,5,0,0.489,0.00255,0.955,0.166,0.531,-10.369,0.0995,96.029,4,0.212,2
73,2,1+1=1,ラブカレンダー,DECO*27,2018-08-23,70186,6,4,1,0.648,0.648,0.552,1.08e-06,0.363,-9.135,0.0275,119.968,4,0.728,2
74,3,1+1=1,LOVE CALENDER,DECO*27,2018-08-23,70186,12,4,1,0.648,0.648,0.552,1.08e-06,0.363,-9.135,0.0275,119.968,4,0.728,2
75,4,ゴーストルール,GHOST,DECO*27,2016-09-28,210000,47,2,1,0.564,0.0279,0.894,0.0,0.281,-4.596,0.0601,104.955,4,0.472,2
76,5,Ghost Rule,GHOST,DECO*27,2016-09-28,210000,60,2,1,0.564,0.0279,0.894,0.0,0.281,-4.596,0.0601,104.955,4,0.472,2
77,6,Streaming Heart,Conti New,DECO*27,2014-03-26,178941,34,1,1,0.601,0.0029,0.961,0.0138,0.306,-3.653,0.132,104.977,4,0.6,2
78,7,ストリーミングハート,Conti New,DECO*27,2014-03-26,178941,32,1,1,0.601,0.0029,0.961,0.0138,0.306,-3.653,0.132,104.977,4,0.6,2
79,8,愛言葉 Remastered Version,DECO*27 VOCALOID COLLECTION 2008~2012,DECO*27,2013-12-18,264933,20,4,1,0.5,0.00103,0.791,1.81e-05,0.47,-2.871,0.0332,137.035,4,0.65,2
80,9,Ai Kotoba Hatsune Remastered Version,DECO*27 VOCALOID COLLECTION 2008~2012,DECO*27,2013-12-18,264933,28,4,1,0.5,0.00103,0.791,1.81e-05,0.47,-2.871,0.0332,137.035,4,0.65,2
81,10,エゴママ,エゴママ / 恋距離遠愛,DECO*27,2011-12-07,267106,14,11,0,0.534,0.00104,0.875,0.00491,0.318,-2.807,0.0852,154.962,4,0.635,2
82,11,Egomama,Egomama / Love Distance Long Affair,DECO*27,2011-12-07,267106,20,11,0,0.534,0.00104,0.875,0.00491,0.318,-2.807,0.0852,154.962,4,0.635,2
83,12,entee,愛迷エレジー,DECO*27,2010-12-15,72786,5,9,0,0.595,0.922,0.626,0.998,0.388,-12.261,0.0563,180.061,4,0.0378,2
84,13,entee,Aimai Elegy,DECO*27,2010-12-15,72786,9,9,0,0.595,0.922,0.626,0.998,0.388,-12.261,0.0563,180.061,4,0.0378,2
85,14,相愛性理論,相愛性理論,DECO*27,2010-04-21,267853,8,7,1,0.567,0.000934,0.775,9.32e-05,0.137,-3.236,0.0413,132.009,4,0.406,2
86,15,Sou Ai Sei Ri Ron,Sou Ai Sei Ri Ron,DECO*27,2010-04-21,267853,10,7,1,0.567,0.000934,0.775,9.32e-05,0.137,-3.236,0.0413,132.009,4,0.406,2
87,16,シンデレラ,シンデレラ,DECO*27,2021-08-06,154261,19,3,1,0.539,0.00612,0.96,0.000324,0.372,-3.238,0.0636,158.02,4,0.876,2
88,17,Cinderella,Cinderella,DECO*27,2021-08-06,154261,10,3,1,0.539,0.00612,0.96,0.000324,0.372,-3.238,0.0636,158.02,4,0.876,2
89,18,おじゃま虫Ⅱ,おじゃま虫Ⅱ,DECO*27,2021-06-19,233847,37,4,1,0.673,0.0227,0.902,1.7e-05,0.152,-3.996,0.0293,142.99,4,0.973,2
90,19,StickybugⅡ,StickybugⅡ,DECO*27,2021-06-19,233847,37,4,1,0.673,0.0227,0.902,1.7e-05,0.152,-3.996,0.0293,142.99,4,0.973,2
91,20,アンダーカバー,アンダーカバー,DECO*27,2021-05-13,204380,34,2,1,0.542,0.00462,0.93,9.43e-06,0.308,-4.433,0.0668,92.54,4,0.697,2
92,21,UNDERCOVER,UNDERCOVER,DECO*27,2021-05-13,204380,38,2,1,0.542,0.00462,0.93,9.43e-06,0.308,-4.433,0.0668,92.54,4,0.697,2
93,22,needLe,needLe,DECO*27,2021-04-09,226408,30,1,0,0.524,0.00025,0.956,8.86e-06,0.168,-4.152,0.0579,95.063,4,0.848,2
94,23,needLe,needLe,DECO*27,2021-04-09,226408,32,1,0,0.524,0.00025,0.956,8.86e-06,0.168,-4.152,0.0579,95.063,4,0.848,2
95,24,セカイ,セカイ,DECO*27,2021-04-09,255686,37,8,1,0.571,0.0016,0.86,1.27e-05,0.174,-4.98,0.0403,132.991,4,0.817,2
96,25,SEKAI,SEKAI,DECO*27,2021-04-09,255686,29,8,1,0.571,0.0016,0.86,1.27e-05,0.174,-4.98,0.0403,132.991,4,0.817,2
97,26,ヴァンパイア - TeddyLoid Remix,ヴァンパイア (TeddyLoid Remix),TeddyLoid,2021-03-26,210731,36,6,0,0.651,0.0261,0.975,1.42e-06,0.06,0.456,0.07,163.982,4,0.688,2
98,27,The Vampire - TeddyLoid Remix,The Vampire,TeddyLoid,2021-03-26,210731,42,6,0,0.651,0.0261,0.975,1.42e-06,0.06,0.456,0.07,163.982,4,0.688,2
99,28,ヴァンパイア,ヴァンパイア,DECO*27,2021-03-09,178235,62,1,0,0.555,0.0096,0.955,0.0,0.329,-4.073,0.048,164.028,4,0.955,2
100,29,The Vampire,The Vampire,DECO*27,2021-03-09,178235,53,1,0,0.555,0.0096,0.955,0.0,0.329,-4.073,0.048,164.028,4,0.955,2
101,30,ハートインパルス,ハートインパルス,FUZI,2020-12-19,198677,22,9,1,0.395,0.00054,0.977,0.000439,0.339,-4.522,0.2,200.138,4,0.598,2
102,31,Heart Impulse,Heart Impulse,FUZI,2020-12-19,198677,25,9,1,0.395,0.00054,0.977,0.000439,0.339,-4.522,0.2,200.138,4,0.598,2
103,32,ネオネオン,ネオネオン,DECO*27,2020-11-27,185957,27,6,1,0.737,0.0886,0.704,0.000124,0.114,-5.16,0.0353,129.98,4,0.762,2
104,33,アンデッドアリス,アンデッドアリス,DECO*27,2020-10-30,209952,27,8,1,0.545,0.0111,0.948,0.0,0.135,-3.653,0.0694,175.965,4,0.855,2
105,34,ポジティブ・パレード,ポジティブ・パレード,DECO*27,2020-02-26,183373,38,5,1,0.507,0.0164,0.883,2.37e-05,0.116,-3.958,0.0871,155.111,4,0.85,2
106,35,ネガティブ進化論,ネガティブ進化論,DECO*27,2019,191357,30,3,0,0.65,0.0227,0.948,1.59e-06,0.334,-3.349,0.079,139.977,4,0.901,2
107,36,39,39,sasakure.UK,2018-08-23,219979,41,6,1,0.489,0.0144,0.818,0.0,0.044,-3.723,0.0354,175.069,4,0.856,2
108,37,39,39,sasakure.UK,2018-08-23,219979,32,6,1,0.489,0.0144,0.818,0.0,0.044,-3.723,0.0354,175.069,4,0.856,2
109,38,ちょべりGood Time,ちょべりGood Time,Shoko Nakagawa,2015-10-21,275693,4,6,1,0.585,0.0053,0.891,0.0,0.391,-3.595,0.0371,162.088,4,0.886,2
110,39,ゆめゆめ,ゆめゆめ,DECO*27,2012-04-18,220520,11,5,1,0.582,0.0321,0.889,0.0,0.39,-3.334,0.0318,160.025,4,0.698,2
111,40,Yumeyume,Yumeyume,DECO*27,2012-04-18,220520,21,5,1,0.582,0.0321,0.889,0.0,0.39,-3.334,0.0318,160.025,4,0.698,2
112,41,ライトラグ,ライトラグ,DECO*27,2011-07-27,209813,8,10,1,0.477,0.0518,0.934,0.00314,0.147,-3.477,0.0604,179.965,4,0.727,2
113,42,Light Lag,Light Lag,DECO*27,2011-07-27,209813,11,10,1,0.477,0.0518,0.934,0.00314,0.147,-3.477,0.0604,179.965,4,0.727,2
114,43,愛されなくても君がいる,PINOCCHIOP BEST ALBUM 2009-2020 寿,PinocchioP,2021-03-03,272000,14,1,0,0.574,0.0287,0.793,0.0,0.11,-5.311,0.0389,150.041,4,0.377,2
115,44,Because You're Here,PinocchioP Best Album 2009-2020 Kotobuki,PinocchioP,2021-03-03,272000,16,1,0,0.574,0.0287,0.793,0.0,0.11,-5.311,0.0389,150.041,4,0.377,2
116,45,Intro,Do you know kolme?,kolme,2019-11-20,72120,1,7,1,0.437,0.00537,0.82,0.000339,0.269,-6.506,0.119,128.085,4,0.823,2
117,46,モザイクロール,EXIT TUNES PRESENTS Gumissimo from Megpoid ―10th ANNIVERSARY BEST―,Various Artists,2019-06-19,186000,13,5,1,0.515,0.00104,0.919,0.926,0.326,-3.623,0.0534,145.039,4,0.595,2
118,47,Amekigoe Zankyou,Toukyou Plugless,Various Artists,2016-02-17,163586,28,0,1,0.358,0.733,0.41,0.0,0.111,-7.519,0.0292,82.019,1,0.445,2
119,48,雨き声残響(カバー),灯響プラグレス,Kain,2016-02-17,163586,22,0,1,0.358,0.733,0.41,0.0,0.111,-7.519,0.0292,82.019,1,0.445,2
120,49,Invitation,ウタカタリレイション,Various Artists,2015-12-29,143453,10,1,1,0.651,0.0405,0.968,0.00827,0.304,-3.475,0.0941,146.875,4,0.85,2
121,50,Invitation,Utakatarelation,Various Artists,2015-12-29,143453,3,1,1,0.651,0.0405,0.968,0.00827,0.304,-3.475,0.0941,146.875,4,0.85,2
122,51,無限∞ブランノワール,無限∞ブランノワール (Complete Edition),Shoko Nakagawa,2015-10-28,276386,0,8,1,0.44,0.0468,0.971,0.0,0.0486,-3.573,0.118,154.874,4,0.293,2
123,52,Streaming Heart,Exit Tunes Presents Numbers,Various Artists,2015-08-19,181117,34,1,1,0.612,0.00179,0.888,0.0272,0.339,-10.697,0.0752,105.016,4,0.729,2
124,53,Critical Line,Krad Matrix (Limited Edition),Various Artists,2015-03-18,214590,8,3,0,0.593,0.089,0.993,0.000165,0.169,-3.398,0.0658,127.984,4,0.557,2
125,54,Mosaic Roll,Exit Tunes Presents The Best Of Gumi From Megpoid,Various Artists,2015-03-11,183600,19,5,1,0.538,0.0018,0.933,0.807,0.333,-2.75,0.0581,145.023,4,0.62,2
126,55,CRITICAL LINE,KRAD MATRiX,Kradness,2015-03-04,214590,6,3,0,0.593,0.089,0.993,0.000165,0.169,-3.398,0.0658,127.984,4,0.557,2
127,56,カゲロウデイズ -初音ミク「マジカルミライ 2014」Live-,初音ミク「マジカルミライ 2014」 [Live],Various Artists,2015-02-25,235856,31,4,0,0.557,0.347,0.97,0.0,0.924,-2.205,0.0794,100.006,4,0.661,2
128,57,Waltz of Knives,MIKU-MIXTURE,Various Artists,2014-02-19,315626,8,0,1,0.385,0.386,0.8,0.00579,0.0856,-6.615,0.049,152.982,4,0.143,2
129,58,Waltz of Knives,MIKU-MIXTURE,Various Artists,2014-02-19,315626,1,0,1,0.385,0.386,0.8,0.00579,0.0856,-6.615,0.049,152.982,4,0.143,2
130,59,Project Diva desu. -MIKUNOPOLIS in LOS ANGELES Live-,MIKUNOPOLIS in LOS ANGELES “はじめまして、初音ミクです”,Various Artists,2011,181053,21,8,0,0.519,0.00787,0.987,0.00896,0.973,-4.804,0.144,132.037,4,0.232,2
132,0,おじゃま虫Ⅱ,おじゃま虫Ⅱ,DECO*27,2021-06-19,233847,37,4,1,0.673,0.0227,0.902,1.7e-05,0.152,-3.996,0.0293,142.99,4,0.973,2
133,1,アンダーカバー,アンダーカバー,DECO*27,2021-05-13,204380,34,2,1,0.542,0.00462,0.93,9.43e-06,0.308,-4.433,0.0668,92.54,4,0.697,2
134,2,セカイ,セカイ,DECO*27,2021-04-09,255686,37,8,1,0.571,0.0016,0.86,1.27e-05,0.174,-4.98,0.0403,132.991,4,0.817,2
135,3,needLe,needLe,DECO*27,2021-04-09,226408,32,1,0,0.524,0.00025,0.956,8.86e-06,0.168,-4.152,0.0579,95.063,4,0.848,2
136,4,ヴァンパイア,ヴァンパイア,DECO*27,2021-03-09,178235,62,1,0,0.555,0.0096,0.955,0.0,0.329,-4.073,0.048,164.028,4,0.955,2
137,5,ハートインパルス,ハートインパルス,FUZI,2020-12-19,198677,21,9,1,0.395,0.00054,0.977,0.000439,0.339,-4.522,0.2,200.138,4,0.598,2
138,6,ネオネオン,ネオネオン,DECO*27,2020-11-27,185957,27,6,1,0.737,0.0886,0.704,0.000124,0.114,-5.16,0.0353,129.98,4,0.762,2
139,7,アンデッドアリス,アンデッドアリス,DECO*27,2020-10-30,209952,27,8,1,0.545,0.0111,0.948,0.0,0.135,-3.653,0.0694,175.965,4,0.855,2
140,8,ポジティブ・パレード,ポジティブ・パレード,DECO*27,2020-02-26,183373,38,5,1,0.507,0.0164,0.883,2.37e-05,0.116,-3.958,0.0871,155.111,4,0.85,2
141,9,ネガティブ進化論,ネガティブ進化論,DECO*27,2019,191357,30,3,0,0.65,0.0227,0.948,1.59e-06,0.334,-3.349,0.079,139.977,4,0.901,2
142,10,39,39,sasakure.UK,2018-08-23,219979,32,6,1,0.489,0.0144,0.818,0.0,0.044,-3.723,0.0354,175.069,4,0.856,2
143,11,ゆめゆめ,ゆめゆめ,DECO*27,2012-04-18,220520,11,5,1,0.582,0.0321,0.889,0.0,0.39,-3.334,0.0318,160.025,4,0.698,2
144,12,ライトラグ,ライトラグ,DECO*27,2011-07-27,209813,8,10,1,0.477,0.0518,0.934,0.00314,0.147,-3.477,0.0604,179.965,4,0.727,2
145,13,砂時計,ライトラグ,DECO*27,2011-07-27,192173,3,5,1,0.568,0.0142,0.673,2.71e-05,0.195,-2.72,0.0351,102.036,4,0.578,2
146,14,ペダルハート,ライトラグ,DECO*27,2011-07-27,236571,2,4,1,0.502,0.0157,0.807,0.0,0.17,-4.08,0.0321,139.994,4,0.581,2
148,0,RENAISSANCE,RENAISSANCE,Utsu-P,2019-10-16,59799,22,1,1,0.495,0.462,0.446,0.459,0.0919,-13.635,0.325,97.906,5,0.172,4
149,1,骸Attack!!,GREATEST SHITS,Utsu-P,2018-10-03,233069,44,11,0,0.523,0.00241,0.982,0.0033,0.433,-3.613,0.178,90.075,4,0.503,4
150,2,ガラパゴスで悪いか,GALAPAGOS,Utsu-P,2017-08-30,137338,27,4,1,0.511,0.000247,0.988,0.78,0.109,-2.352,0.0811,110.001,4,0.221,4
151,3,Constipation Of Death,Post-Traumatic Stress Disorder,Utsu-P,2016-08-10,244067,25,11,0,0.218,4.2e-06,0.994,0.891,0.0574,-2.961,0.222,110.0,4,0.0391,4
152,4,終のファンタジー,ALGORITHM,Utsu-P,2014,226983,23,0,0,0.286,0.000215,0.976,0.877,0.133,-3.245,0.122,103.974,4,0.235,4
153,5,MOKSHA (emancipation),MOKSHA,Utsu-P,2012,47043,13,2,0,0.348,0.85,0.344,0.278,0.242,-10.083,0.0347,69.763,3,0.647,4
154,6,ぽいずん☆あっぷる,DIARRHEA,Utsu-P,2009,258182,20,6,1,0.45,5.12e-05,0.98,0.422,0.279,-3.964,0.123,95.075,4,0.259,4
155,7,OGRE (feat. 初音ミク),OGRE,Utsu-P,2021-06-25,220773,40,8,1,0.415,0.000209,0.919,0.00682,0.328,-5.161,0.12,159.904,4,0.455,4
156,8,ぬる (feat. 初音ミク),ぬる,Utsu-P,2021-06-25,206000,33,8,1,0.524,0.00091,0.907,0.0203,0.298,-6.342,0.0839,120.056,4,0.396,4
157,9,デスロウ (feat. 初音ミク),デスロウ,Utsu-P,2021-06-25,264428,33,2,1,0.596,0.0094,0.839,0.00123,0.431,-5.612,0.0586,139.97,4,0.583,4
158,10,映えない (feat. 初音ミク),映えない,Utsu-P,2021-06-25,215066,36,2,1,0.515,0.000654,0.814,0.0702,0.0778,-4.765,0.0644,125.034,3,0.54,4
159,11,ダブルラリアット [Double Bass Drum Remix 2021],ダブルラリアット [Double Bass Drum Remix 2021],Utsu-P,2021-01-29,213613,35,3,0,0.492,0.000236,0.945,3.43e-06,0.472,-4.899,0.0742,137.985,4,0.364,4
160,12,CR独特な世界観,俗 e.p. & 毒 e.p.,Utsu-P,2012,232853,15,6,1,0.414,0.000244,0.961,0.0557,0.0826,-3.929,0.139,169.948,4,0.523,4
161,13,ダイベン,P,Utsu-P,2011-04-15,213316,24,9,1,0.504,0.000467,0.945,0.21,0.163,-3.455,0.101,90.011,4,0.482,4
162,14,ドール,DOLL e.p.,Utsu-P,2008,274030,17,10,0,0.262,0.000167,0.965,0.306,0.184,-3.969,0.543,189.978,4,0.223,4
163,15,クロクロクロ (feat. 初音ミク),"""CRASH FEVER ORIGINAL SOUNDTRACK feat.MIKURINLEN 01""",Various Artists,2021-07-06,112673,11,1,0,0.549,0.119,0.968,0.0,0.145,-2.751,0.0775,97.95,4,0.799,4
164,16,愛されなくても君がいる,PINOCCHIOP BEST ALBUM 2009-2020 寿,PinocchioP,2021-03-03,272000,14,1,0,0.574,0.0287,0.793,0.0,0.11,-5.311,0.0389,150.041,4,0.377,4
165,17,Because You're Here,PinocchioP Best Album 2009-2020 Kotobuki,PinocchioP,2021-03-03,272000,16,1,0,0.574,0.0287,0.793,0.0,0.11,-5.311,0.0389,150.041,4,0.377,4
166,18,Yuudachi No Ribbon,Vocaloid3 Library Mayu,Various Artists,2015-12-02,228000,27,1,0,0.516,0.0239,0.978,0.000602,0.0732,-2.61,0.0615,114.97,4,0.668,4
167,19,Sweetie×2,Exit Tunes Presents Kamikyoku Wo Utattemita 3,Various Artists,2015-08-01,300824,4,0,0,0.6,0.148,0.99,0.232,0.376,-1.835,0.0542,124.973,4,0.939,4
168,20,Bunretsu Hakai,Exit Tunes Presents Supernova 3,Various Artists,2015-08-01,336000,3,2,1,0.427,0.396,0.976,0.00776,0.355,-3.404,0.154,92.345,4,0.302,4
169,21,Marionette Syndrome,Exit Tunes Presents Ikemen Voice Paradise 2,Various Artists,2015-08-01,233379,3,5,0,0.487,0.586,0.964,0.0,0.283,-2.291,0.0501,145.061,4,0.576,4
170,22,Waltz of Knives,MIKU-MIXTURE,Various Artists,2014-02-19,315626,8,0,1,0.385,0.386,0.8,0.00579,0.0856,-6.615,0.049,152.982,4,0.143,4
171,23,Waltz of Knives,MIKU-MIXTURE,Various Artists,2014-02-19,315626,1,0,1,0.385,0.386,0.8,0.00579,0.0856,-6.615,0.049,152.982,4,0.143,4
172,24,赤心性:カマトト荒療治 feat.赤飯(カバー),赤BAN,Sekihan,2013-06-19,227789,8,11,0,0.568,0.00216,0.988,0.000141,0.0838,-2.57,0.0944,102.48,4,0.622,4
173,25,Sekishinsei: Kamatoto Araryouji,Aka Ban,Various Artists,2013,227789,15,11,0,0.568,0.00216,0.988,0.000141,0.0838,-2.57,0.0944,102.48,4,0.622,4
174,26,Lent,0004: A Galaxy Odyssey,Various Artists,2012,235000,3,9,0,0.625,0.017,0.836,0.00129,0.338,-4.357,0.0465,110.011,4,0.445,4
175,27,マトリョシカ(カバー),EXIT TUNES PRESENTS SEKIHAN the BEST (feat. 赤飯),Sekihan,2011-02-02,200000,28,11,0,0.599,0.017,0.97,0.0,0.097,-2.242,0.128,102.595,4,0.637,4
176,28,Matryoshka,Exit Tunes Presents Sekihan The Best,Various Artists,2011,200000,34,11,0,0.599,0.017,0.97,0.0,0.097,-2.242,0.128,102.595,4,0.637,4
177,29,Sweetie×2(カバー) feat. 祭屋&こめる,EXIT TUNES PRESENTS 神曲を歌ってみた 3,Various Artists,2010-10-20,300824,2,0,0,0.6,0.148,0.99,0.232,0.376,-1.835,0.0542,124.973,4,0.939,4
178,30,分裂→破壊,EXIT TUNES PRESENTS Supernova 3,Various Artists,2010-07-07,336000,5,2,1,0.427,0.396,0.976,0.00776,0.355,-3.404,0.154,92.345,4,0.302,4
180,0,映えない (feat. 初音ミク),映えない,Utsu-P,2021-06-25,215066,36,2,1,0.515,0.000654,0.814,0.0702,0.0778,-4.765,0.0644,125.034,3,0.54,4
181,1,デスロウ (feat. 初音ミク),デスロウ,Utsu-P,2021-06-25,264428,33,2,1,0.596,0.0094,0.839,0.00123,0.431,-5.612,0.0586,139.97,4,0.583,4
182,2,ぬる (feat. 初音ミク),ぬる,Utsu-P,2021-06-25,206000,33,8,1,0.524,0.00091,0.907,0.0203,0.298,-6.342,0.0839,120.056,4,0.396,4
183,3,OGRE (feat. 初音ミク),OGRE,Utsu-P,2021-06-25,220773,40,8,1,0.415,0.000209,0.919,0.00682,0.328,-5.161,0.12,159.904,4,0.455,4
184,4,ダブルラリアット [Double Bass Drum Remix 2021],ダブルラリアット [Double Bass Drum Remix 2021],Utsu-P,2021-01-29,213613,35,3,0,0.492,0.000236,0.945,3.43e-06,0.472,-4.899,0.0742,137.985,4,0.364,4
185,5,CR独特な世界観,俗 e.p. & 毒 e.p.,Utsu-P,2012,232853,15,6,1,0.414,0.000244,0.961,0.0557,0.0826,-3.929,0.139,169.948,4,0.523,4
186,6,あかいぼく,俗 e.p. & 毒 e.p.,Utsu-P,2012,128693,14,3,0,0.224,8.06e-06,0.942,0.656,0.113,-3.675,0.0831,199.83,4,0.361,4
187,7,邪念くんのテーマ,俗 e.p. & 毒 e.p.,Utsu-P,2012,224880,15,5,0,0.559,9.9e-05,0.965,0.854,0.291,-3.881,0.0733,112.434,1,0.75,4
188,8,自爆2号,俗 e.p. & 毒 e.p.,Utsu-P,2012,128533,14,2,1,0.443,8.92e-05,0.953,0.331,0.311,-3.869,0.295,199.899,4,0.604,4
189,9,ぬいぐるみになりたい,俗 e.p. & 毒 e.p.,Utsu-P,2012,272933,14,10,0,0.462,0.0005,0.945,0.000205,0.0728,-3.212,0.072,170.006,4,0.69,4
190,10,惑星無修正,俗 e.p. & 毒 e.p.,Utsu-P,2012,210428,13,11,0,0.331,1.93e-05,0.939,0.17,0.0922,-2.854,0.0716,164.874,4,0.482,4
191,11,ダイベン,P,Utsu-P,2011-04-15,213316,24,9,1,0.504,0.000467,0.945,0.21,0.163,-3.455,0.101,90.011,4,0.482,4
192,12,華,P,Utsu-P,2011-04-15,344756,19,4,1,0.258,0.00251,0.98,0.0142,0.363,-2.595,0.223,117.871,4,0.0948,4
193,13,恐怖!スピーカー人間,P,Utsu-P,2011-04-15,140900,18,4,1,0.491,0.00193,0.984,0.0678,0.33,-3.268,0.181,149.977,4,0.204,4
194,14,ドール,DOLL e.p.,Utsu-P,2008,274030,17,10,0,0.262,0.000167,0.965,0.306,0.184,-3.969,0.543,189.978,4,0.223,4
195,15,dope disco,DOLL e.p.,Utsu-P,2008,322699,21,10,0,0.513,0.000338,0.965,0.000554,0.157,-3.468,0.0351,89.991,4,0.744,4
196,16,クビククリ・モンスター,DOLL e.p.,Utsu-P,2008,238062,14,4,1,0.549,3.84e-05,0.967,0.0184,0.389,-3.349,0.101,132.08,4,0.656,4
197,17,華,DOLL e.p.,Utsu-P,2008,345836,15,4,1,0.16,2.17e-05,0.969,0.264,0.403,-3.705,0.246,195.093,3,0.346,4
199,0,Sight (feat. 巡音ルカ),Residue,otetsu,2021-05-25,211636,8,9,0,0.577,0.0427,0.985,0.0,0.315,-2.835,0.069,109.939,4,0.208,6
200,1,甘苦い中毒 (feat. メグッポイド),「宝箱」,otetsu,2019-10-30,244500,1,0,1,0.586,0.000749,0.944,0.0,0.273,-2.835,0.0389,119.979,3,0.755,6
201,2,蔓延る毒 (feat. 巡音ルカ),Flag,otetsu,2019-05-15,310000,2,1,1,0.585,0.00456,0.956,1.47e-06,0.366,-4.079,0.0817,119.997,4,0.381,6
202,3,Stomach (feat. 巡音ルカ),胃袋,otetsu,2018-11-28,248000,3,4,0,0.681,0.0831,0.887,0.0,0.156,-4.894,0.0483,100.018,3,0.496,6
203,4,罪喰らい (feat. 巡音ルカ),Unbalance,otetsu,2018-05-02,301000,0,1,0,0.565,0.000231,0.938,5.9e-06,0.061,-3.934,0.116,120.043,4,0.317,6
204,5,memento (feat. 巡音ルカ),memento mori,otetsu,2017-11-22,240437,5,11,0,0.57,0.0027,0.892,3.25e-06,0.152,-2.808,0.0338,124.996,3,0.494,6
205,6,産声 (feat. 巡音ルカ),濫觴,otetsu,2015-05-08,188500,0,9,0,0.564,0.00727,0.909,0.0,0.0886,-3.439,0.0632,115.007,4,0.429,6
206,7,ナイトアンドデイ (feat. 巡音ルカ),sleep,otetsu,2013-11-20,205763,0,2,0,0.538,0.0255,0.958,3.26e-05,0.0681,-1.654,0.121,104.943,4,0.57,6
207,8,種 (feat. 巡音ルカ),Seed,otetsu,2013-04-30,113314,0,11,0,0.651,0.00772,0.791,0.372,0.191,-4.921,0.0441,112.474,4,0.418,6
208,9,core (feat. 巡音ルカ),UNDER,otetsu,2012-05-01,242364,0,4,0,0.567,0.0158,0.965,0.0,0.421,-2.304,0.0858,120.027,3,0.482,6
209,10,hole (feat. 巡音ルカ),Muse,otetsu,2012-02-27,248583,4,4,0,0.469,0.00631,0.992,0.0,0.194,-1.561,0.0937,146.992,4,0.212,6
210,11,才溢れ、欠落者 (feat. 巡音ルカ),NUDE,otetsu,2011-09-05,277209,2,4,0,0.458,0.0419,0.958,0.0,0.373,-1.306,0.0656,135.002,3,0.521,6
211,12,カーニバル (feat. メグッポイド),Carnival,otetsu,2011-06-13,217740,21,11,0,0.53,0.0331,0.918,6.72e-06,0.0764,-2.172,0.0507,127.045,4,0.915,6
212,13,Implosion (feat. メグッポイド),LENS,otetsu,2011-01-17,164000,1,1,0,0.508,0.00706,0.939,6.97e-06,0.112,-3.152,0.0442,109.965,4,0.599,6
213,14,飴と鎖 (feat. 巡音ルカ),CORE-KrnT edit-,otetsu,2010-05-10,217749,19,9,0,0.544,0.16,0.985,0.0,0.0984,-2.334,0.0771,135.015,4,0.678,6
214,15,shell (feat. 巡音ルカ),SHELL,otetsu,2010-05-10,257954,0,9,0,0.191,0.00957,0.973,0.0,0.324,-2.544,0.158,181.677,5,0.307,6
215,16,星屑ユートピア (feat. 巡音ルカ),STARLET,otetsu,2009-09-09,262006,3,6,0,0.509,0.058,0.918,0.0,0.275,-2.437,0.046,119.98,4,0.834,6
216,17,Existence (feat. 初音ミク),Utopia,otetsu,2009-05-01,169401,1,4,0,0.51,0.0306,0.938,0.0,0.297,-2.257,0.0348,96.487,4,0.887,6
217,18,幻想と羅針盤 (feat. 巡音ルカ),幻想と羅針盤,otetsu,2020-01-30,228000,4,9,1,0.514,0.451,0.837,0.0,0.129,-3.401,0.0503,189.943,4,0.418,6
218,19,ご覧、蒔いた種が花を咲かせた。期待通りの汚い花。 (feat. メグッポイド),ご覧、蒔いた種が花を咲かせた。期待通りの汚い花。,otetsu,2019-12-11,208000,6,8,0,0.482,0.00184,0.963,0.0,0.162,-3.233,0.0571,150.012,4,0.789,6
219,20,かげ (feat. メグッポイド),かげ,otetsu,2019-06-24,248640,3,11,0,0.547,0.00618,0.94,0.0,0.213,-3.111,0.0656,125.062,4,0.288,6
220,21,Bottom out (feat. 巡音ルカ),Bottom out,otetsu,2019-04-03,236000,2,6,0,0.622,0.0152,0.913,0.0,0.113,-3.721,0.0794,134.969,4,0.594,6
221,22,棚引く厭世爍かす程 (feat. 巡音ルカ),棚引く厭世爍かす程,otetsu,2019-01-25,272000,10,1,0,0.546,0.00134,0.932,0.0,0.183,-3.817,0.0629,134.965,4,0.748,6
222,23,空を泳いだ (feat. 巡音ルカ),空を泳いだ,otetsu,2018-01-26,240000,1,0,1,0.641,0.000546,0.915,0.0,0.332,-2.999,0.038,129.984,3,0.504,6
223,24,mud (feat. 巡音ルカ),Rest,otetsu,2014-04-28,200431,0,9,1,0.575,0.00345,0.959,0.0,0.223,-2.376,0.0554,130.015,4,0.682,6
224,25,ゆりかご (feat. 巡音ルカ),ゆりかご,otetsu,2014-03-05,261500,0,1,0,0.516,0.00471,0.934,1.19e-05,0.0413,-3.267,0.0422,120.032,4,0.668,6
225,26,Feb.14 (feat. 巡音ルカ),Feb.14,otetsu,2014-01-30,275031,0,1,0,0.523,0.00294,0.859,0.000464,0.167,-3.505,0.0312,95.016,4,0.522,6
226,27,生温く真紅い歪な果実、蜜を啜るのは飽きたから腐る前に残さず食べましょう。仮に愛せなくても。 (feat. 巡音ルカ),生温く真紅い歪な果実、蜜を啜るのは飽きたから腐る前に残さず食べましょう。仮に愛せなくても。,otetsu,2011-03-28,215609,1,6,0,0.419,0.00435,0.902,2.37e-06,0.14,-2.356,0.0459,140.071,4,0.388,6
227,28,Child's Garden (feat. 巡音ルカ),Child's Garden,otetsu,2010-01-30,265500,0,4,0,0.511,0.216,0.984,0.0,0.12,-1.556,0.0735,120.024,4,0.547,6
228,29,No answer (feat. 初音ミク),No answer,otetsu,2009-08-31,256040,0,11,0,0.309,0.0293,0.948,0.0,0.167,-2.626,0.0831,195.172,4,0.508,6
229,30,モザイクロール,EXIT TUNES PRESENTS Gumissimo from Megpoid ―10th ANNIVERSARY BEST―,Various Artists,2019-06-19,186000,13,5,1,0.515,0.00104,0.919,0.926,0.326,-3.623,0.0534,145.039,4,0.595,6
230,31,Yuudachi No Ribbon,Vocaloid3 Library Mayu,Various Artists,2015-12-02,228000,27,1,0,0.516,0.0239,0.978,0.000602,0.0732,-2.61,0.0615,114.97,4,0.668,6
231,32,R‐18,Exit Tunes Presents Supernova,Various Artists,2015-08-01,295384,1,1,0,0.413,0.00788,0.983,0.0,0.222,-2.567,0.077,182.044,4,0.417,6
232,33,Bunretsu Hakai,Exit Tunes Presents Supernova 3,Various Artists,2015-08-01,336000,3,2,1,0.427,0.396,0.976,0.00776,0.355,-3.404,0.154,92.345,4,0.302,6
233,34,Risky Game,Exit Tunes Presents Ikemen Voice Paradise 3,Various Artists,2015-08-01,209000,10,7,0,0.68,0.635,0.654,0.0,0.0988,-4.509,0.0514,133.007,4,0.728,6
234,35,Go! Shichi! Go!,"""""""Utayui 575"""" Azuki To Maccha Character Song Collection!!""",Various Artists,2015-08-01,185500,0,8,1,0.44,0.0241,0.901,0.0,0.243,-3.632,0.0441,101.002,3,0.435,6
235,36,曇天ノ陰ニ,IA THE WORLD 〜雨〜,Various Artists,2015-05-13,294000,0,10,0,0.598,0.00702,0.885,0.00026,0.8,-6.32,0.0417,111.497,3,0.267,6
236,37,Mosaic Roll,Exit Tunes Presents The Best Of Gumi From Megpoid,Various Artists,2015-03-11,183600,19,5,1,0.538,0.0018,0.933,0.807,0.333,-2.75,0.0581,145.023,4,0.62,6
237,38,モザイクロール,EXIT TUNES PRESENTS THE BEST OF GUMI from Megpoid,Various Artists,2015-02-04,183600,0,5,1,0.538,0.0018,0.933,0.807,0.333,-2.75,0.0581,145.023,4,0.62,6
238,39,牢獄のアドニス,IA THE WORLD 〜蒼〜,Various Artists,2014-07-02,206626,0,8,1,0.223,0.622,0.7,0.0,0.114,-6.797,0.0525,92.554,4,0.184,6
239,40,Password,IA THE WORLD 〜鍵〜,Various Artists,2013-10-02,263080,0,8,0,0.327,0.0191,0.956,0.000409,0.484,-6.006,0.217,174.967,4,0.531,6
240,41,無気力クーデター,EXIT TUNES PRESENTS Vocaloextra feat.GUMI・IA・MAYU,Various Artists,2013-06-05,236600,1,7,0,0.395,0.00995,0.991,1.09e-06,0.263,-1.544,0.195,184.996,4,0.636,6
241,42,Mukiryoku Coup D'Etat,Exit Tunes Presents Vocaloextra,Various Artists,2013,236600,3,7,0,0.395,0.00995,0.991,1.09e-06,0.263,-1.544,0.195,184.996,4,0.636,6
242,43,Yukueshirezu,Exit Tunes Presents Gumity From Megpoid,Various Artists,2013,223722,2,5,1,0.534,0.0358,0.965,3.17e-05,0.129,-1.159,0.07,131.981,4,0.72,6
243,44,夢幻,IA THE WORLD 〜風〜,Various Artists,2012-09-26,280880,0,3,0,0.461,0.155,0.947,3.38e-06,0.0832,-4.004,0.0707,94.972,4,0.248,6
244,45,幽霊屋敷の首吊り少女 feat.灯油(カバー),トモシビアブラ,TOUYU,2012-06-20,269732,0,0,0,0.261,0.0251,0.897,2.21e-05,0.114,-2.674,0.044,88.223,4,0.783,6
245,46,ネコミミアーカイブ(カバー) feat.ぐるたみん,EXIT TUNES PRESENTS イケメンボイスパラダイス4 ジャケットイラスト:星た,Various Artists,2012-05-02,209500,2,6,1,0.461,0.184,0.983,0.0,0.357,-0.896,0.142,164.026,4,0.563,6
246,47,Yuurei Yashiki No Kubitsuri Shoujo,Tomoshibi Abura,Various Artists,2012,269732,9,0,0,0.261,0.0251,0.897,2.21e-05,0.114,-2.674,0.044,88.223,4,0.783,6
247,48,Nekomimi Archive,Exit Tunes Presents Ikemen Voice Paradise 4,Various Artists,2012,209500,5,6,1,0.461,0.184,0.983,0.0,0.357,-0.896,0.142,164.026,4,0.563,6
248,49,パンダヒーロー(カバー) feat.赤飯,EXIT TUNES PRESENTS SEKIHAN the GOLD (feat. 赤飯),Sekihan,2011-08-03,222520,21,6,0,0.543,0.148,0.977,0.0,0.558,-1.444,0.0796,95.036,4,0.801,6
249,50,リスキーゲーム (feat. nero),EXIT TUNES PRESENTS イケメンボイスパラダイス 3,Various Artists,2011-06-15,209000,0,7,0,0.68,0.635,0.654,0.0,0.0988,-4.509,0.0514,133.007,4,0.728,6
250,51,会いたい feat.GUMI,EXIT TUNES PRESENTS GUMism from Megpoid(Vocaloid),Various Artists,2011-03-16,300000,9,5,1,0.531,0.122,0.978,0.0,0.462,-2.313,0.0436,105.02,4,0.787,6
251,52,Aitai,Exit Tunes Presents Gumism From Megpoid (Vocaloid),Various Artists,2011,300000,12,5,1,0.531,0.122,0.978,0.0,0.462,-2.313,0.0436,105.02,4,0.787,6
252,53,Panda Hero,Exit Tunes Presents Kamikyoku Wo Utattemita 5,Various Artists,2011,222500,15,11,0,0.591,0.0175,0.928,8e-05,0.102,-3.998,0.0807,95.034,4,0.796,6
253,54,Shiryoku Kensa,Exit Tunes Presents Gumish From Megpoid (Vocaloid),Various Artists,2011,265100,9,5,0,0.596,0.0165,0.951,1.32e-06,0.106,-3.155,0.0431,135.011,4,0.759,6
254,55,秘密,KarenT Songs MEGURINE LUKA,chiquewa / AVTechNO! / otetsu / X-Plorez / そそそ (津久井箇人),2010-10-05,230769,0,11,0,0.67,0.0863,0.902,0.0,0.3,-5.406,0.0706,116.973,4,0.92,6
255,56,分裂→破壊,EXIT TUNES PRESENTS Supernova 3,Various Artists,2010-07-07,336000,5,2,1,0.427,0.396,0.976,0.00776,0.355,-3.404,0.154,92.345,4,0.302,6
256,57,R‐18,EXIT TUNES PRESENTS Supernova,Various Artists,2009-12-02,295384,5,1,0,0.413,0.00788,0.983,0.0,0.222,-2.567,0.077,182.044,4,0.417,6
258,0,幻想と羅針盤 (feat. 巡音ルカ),幻想と羅針盤,otetsu,2020-01-30,228000,4,9,1,0.514,0.451,0.837,0.0,0.129,-3.401,0.0503,189.943,4,0.418,6
259,1,ご覧、蒔いた種が花を咲かせた。期待通りの汚い花。 (feat. メグッポイド),ご覧、蒔いた種が花を咲かせた。期待通りの汚い花。,otetsu,2019-12-11,208000,6,8,0,0.482,0.00184,0.963,0.0,0.162,-3.233,0.0571,150.012,4,0.789,6
260,2,umbrella(2019) (feat. 巡音ルカ),ご覧、蒔いた種が花を咲かせた。期待通りの汚い花。,otetsu,2019-12-11,287000,3,6,0,0.493,0.0178,0.954,2.28e-05,0.0932,-3.007,0.0452,95.013,4,0.272,6
261,3,かげ (feat. メグッポイド),かげ,otetsu,2019-06-24,248640,3,11,0,0.547,0.00618,0.94,0.0,0.213,-3.111,0.0656,125.062,4,0.288,6
262,4,Bottom out (feat. 巡音ルカ),Bottom out,otetsu,2019-04-03,236000,2,6,0,0.622,0.0152,0.913,0.0,0.113,-3.721,0.0794,134.969,4,0.594,6
263,5,白灰砂の海(2018) (feat. 巡音ルカ),Bottom out,otetsu,2019-04-03,224000,0,11,0,0.656,0.0367,0.787,0.0,0.037,-3.466,0.0425,111.044,4,0.543,6
264,6,Blaze(2019) (feat. 巡音ルカ),Bottom out,otetsu,2019-04-03,210000,2,6,0,0.478,0.000362,0.971,0.0,0.179,-3.372,0.125,120.035,4,0.235,6
265,7,棚引く厭世爍かす程 (feat. 巡音ルカ),棚引く厭世爍かす程,otetsu,2019-01-25,272000,10,1,0,0.546,0.00134,0.932,0.0,0.183,-3.817,0.0629,134.965,4,0.748,6
266,8,日常と祝祭 (feat. 巡音ルカ),棚引く厭世爍かす程,otetsu,2019-01-25,206000,2,7,1,0.561,0.0497,0.897,0.0,0.109,-4.633,0.0378,110.012,4,0.72,6
267,9,空を泳いだ (feat. 巡音ルカ),空を泳いだ,otetsu,2018-01-26,240000,1,0,1,0.641,0.000546,0.915,0.0,0.332,-2.999,0.038,129.984,3,0.504,6
268,10,friction (feat. 巡音ルカ),空を泳いだ,otetsu,2018-01-26,204000,3,1,0,0.513,7.51e-05,0.971,1.41e-05,0.254,-2.834,0.0644,140.037,4,0.771,6
269,11,廃日 (feat. 巡音ルカ),空を泳いだ,otetsu,2018-01-26,210000,3,11,0,0.562,3.77e-05,0.977,0.0013,0.304,-2.506,0.0755,119.978,4,0.512,6
270,12,mud (feat. 巡音ルカ),Rest,otetsu,2014-04-28,200431,0,9,1,0.575,0.00345,0.959,0.0,0.223,-2.376,0.0554,130.015,4,0.682,6
271,13,孤独と疎外感だけが満ちている (feat. 巡音ルカ),Rest,otetsu,2014-04-28,218882,0,0,1,0.496,0.00696,0.983,0.0,0.359,-0.806,0.0478,92.483,4,0.914,6
272,14,ERROR (feat. メグッポイド),Rest,otetsu,2014-04-28,207956,1,5,0,0.552,0.00541,0.985,0.0,0.308,-1.603,0.0484,140.01,4,0.918,6
273,15,水面の桜、夢は逆夢 (feat. 巡音ルカ),Rest,otetsu,2014-04-28,258157,10,4,0,0.546,0.00746,0.951,0.0,0.323,-1.801,0.0345,99.997,4,0.679,6
274,16,罅 (feat. メグッポイド),Rest,otetsu,2014-04-28,255596,0,4,0,0.552,0.0103,0.897,7e-06,0.135,-3.002,0.0376,119.977,4,0.699,6
275,17,ゆりかご (feat. 巡音ルカ),ゆりかご,otetsu,2014-03-05,261500,0,1,0,0.516,0.00471,0.934,1.19e-05,0.0413,-3.267,0.0422,120.032,4,0.668,6
276,18,friction (feat. メグッポイド),ゆりかご,otetsu,2014-03-05,202000,0,1,0,0.493,0.0014,0.99,2.1e-05,0.208,-2.627,0.0887,139.977,4,0.743,6
277,19,Feb.14 (feat. 巡音ルカ),Feb.14,otetsu,2014-01-30,275031,0,1,0,0.523,0.00294,0.859,0.000464,0.167,-3.505,0.0312,95.016,4,0.522,6
278,20,生温く真紅い歪な果実、蜜を啜るのは飽きたから腐る前に残さず食べましょう。仮に愛せなくても。 (feat. 巡音ルカ),生温く真紅い歪な果実、蜜を啜るのは飽きたから腐る前に残さず食べましょう。仮に愛せなくても。,otetsu,2011-03-28,215609,1,6,0,0.419,0.00435,0.902,2.37e-06,0.14,-2.356,0.0459,140.071,4,0.388,6
279,21,Rejection (feat. がくっぽいど),生温く真紅い歪な果実、蜜を啜るのは飽きたから腐る前に残さず食べましょう。仮に愛せなくても。,otetsu,2011-03-28,218434,2,9,0,0.494,0.0592,0.992,0.0103,0.143,-2.766,0.176,120.024,4,0.266,6
280,22,ハレバレバイバイ。 (feat. メグッポイド),生温く真紅い歪な果実、蜜を啜るのは飽きたから腐る前に残さず食べましょう。仮に愛せなくても。,otetsu,2011-03-28,199418,0,4,1,0.5,0.00467,0.916,7.2e-05,0.0829,-1.587,0.0378,105.056,4,0.878,6
281,23,チョコレート(vo:otetsu),生温く真紅い歪な果実、蜜を啜るのは飽きたから腐る前に残さず食べましょう。仮に愛せなくても。,otetsu,2011-03-28,123999,1,1,0,0.388,0.00416,0.99,0.109,0.272,-1.379,0.0944,179.991,4,0.718,6
282,24,Child's Garden (feat. 巡音ルカ),Child's Garden,otetsu,2010-01-30,265500,0,4,0,0.511,0.216,0.984,0.0,0.12,-1.556,0.0735,120.024,4,0.547,6
283,25,RED (feat. 巡音ルカ),Child's Garden,otetsu,2010-01-30,207613,0,4,0,0.591,0.0542,0.882,0.0,0.0838,-2.708,0.0942,119.989,4,0.385,6
284,26,Incineration (feat. 巡音ルカ),Child's Garden,otetsu,2010-01-30,210411,0,9,0,0.508,0.0297,0.989,0.0,0.128,-1.72,0.0666,110.05,4,0.535,6
285,27,殻 (feat. 巡音ルカ),Child's Garden,otetsu,2010-01-30,291080,0,9,0,0.486,0.0482,0.65,0.0,0.103,-3.195,0.0269,179.997,4,0.327,6
286,28,No answer (feat. 初音ミク),No answer,otetsu,2009-08-31,256040,0,11,0,0.309,0.0293,0.948,0.0,0.167,-2.626,0.0831,195.172,4,0.508,6
287,29,証 (feat. 初音ミク),No answer,otetsu,2009-08-31,249163,0,9,0,0.501,0.0107,0.816,0.0,0.257,-3.656,0.0402,124.98,4,0.626,6
289,0,DAISAN GENERATION - instrumental,DAISAN WAVE,Mikito P,2018-11-18,100800,10,4,0,0.258,0.000305,0.993,0.841,0.417,-5.375,0.379,149.662,4,0.116,7
290,1,きゅりあす,MIKIROKU【通常盤】,Mikito P,2015-11-18,263653,3,2,0,0.548,0.0298,0.922,0.0,0.287,-3.459,0.0421,131.983,4,0.66,7
291,2,Curious,Mikiroku (Standard Edition),Mikito P,2015-09-02,263653,5,2,0,0.548,0.0298,0.922,0.0,0.287,-3.459,0.0421,131.983,4,0.66,7
292,3,Matoi,Good School Girl (Standard Edition),Mikito P,2015-08-01,320914,10,7,1,0.33,0.0434,0.938,0.0,0.3,-2.812,0.0519,174.953,4,0.35,7
293,4,まとい,GOOD SCHOOL GIRL 通常盤,Mikito P,2014-11-05,320914,8,7,1,0.33,0.0434,0.938,0.0,0.3,-2.812,0.0519,174.953,4,0.35,7
294,5,僕は初音ミクとキスをした feat.初音ミク,僕は初音ミクとキスをした,Mikito P,2013-04-17,259200,12,5,1,0.398,0.034,0.95,0.000151,0.0756,-4.292,0.109,149.972,4,0.344,7
295,6,Boku wa Hatsune Miku to Kiss wo Shita,Boku wa Hatsue Miku to Kiss wo Shita,Mikito P,2013,259200,17,5,1,0.398,0.034,0.95,0.000151,0.0756,-4.292,0.109,149.972,4,0.344,7
296,7,Right Here,Right Here,Mikito P,2020-10-20,164606,10,4,0,0.601,0.843,0.259,0.905,0.11,-17.075,0.0276,139.974,4,0.451,7
297,8,だいよげん,だいよげん,Mikito P,2020-05-17,283478,12,9,1,0.637,0.475,0.899,0.0152,0.119,-5.349,0.0297,138.004,4,0.847,7
298,9,Daiyogen,Daiyogen,Mikito P,2020-05-17,283478,10,9,1,0.637,0.475,0.899,0.0152,0.119,-5.349,0.0297,138.004,4,0.847,7
299,10,I meets You!!,I meets You!!,Mikito P,2020-04-19,220127,14,0,1,0.568,0.0925,0.949,0.0,0.238,-2.108,0.0653,157.089,4,0.519,7
300,11,I meets You!!,I meets You!!,Mikito P,2020-04-19,220127,10,0,1,0.568,0.0925,0.949,0.0,0.238,-2.108,0.0653,157.089,4,0.519,7
301,12,Sister,Sister,Mikito P,2020-02-19,332571,8,1,1,0.605,0.306,0.578,0.00962,0.365,-6.7,0.0293,140.032,4,0.259,7
302,13,Sister,Sister,Mikito P,2020-02-19,332571,6,1,1,0.605,0.306,0.578,0.00962,0.365,-6.7,0.0293,140.032,4,0.259,7
303,14,Green Shower,Green Shower,Mikito P,2019-10-01,260816,4,1,1,0.484,0.00376,0.884,0.0,0.297,-3.943,0.0515,195.956,4,0.593,7
304,15,Green Shower,Green Shower,Mikito P,2019-10-01,260816,5,1,1,0.484,0.00376,0.884,0.0,0.297,-3.943,0.0515,195.956,4,0.593,7
305,16,少女ふぜゐ -Vocaloid Ver.,少女ふぜゐ -Vocaloid Ver.,Mikito P,2019-07-03,271875,19,7,1,0.5,0.0111,0.87,0.0,0.196,-5.151,0.044,128.03,4,0.466,7
306,17,ShojoFuzei -Vocaloid Ver.,ShojoFuzei -Vocaloid Ver.,Mikito P,2019-07-03,271875,15,7,1,0.5,0.0111,0.87,0.0,0.196,-5.151,0.044,128.03,4,0.466,7
307,18,39みゅーじっく!,39みゅーじっく! (feat.初音ミク),Mikito P,2017-08-31,265846,36,11,0,0.528,0.017,0.989,0.000473,0.0964,-2.967,0.0741,130.015,4,0.525,7
308,19,39 Music!,39 Music!,Mikito P,2017,265846,50,11,0,0.528,0.017,0.989,0.000473,0.0964,-2.967,0.0741,130.015,4,0.525,7
309,20,Hoi,Hoi,Mikito P,2016-08-03,243186,10,9,1,0.266,0.0347,0.977,3.72e-06,0.042,-1.836,0.235,150.108,5,0.674,7
310,21,Home Party,Home Party,Mikito P,2016-08-03,262880,9,9,1,0.683,0.0445,0.849,1.61e-05,0.121,-4.591,0.0254,110.022,4,0.751,7
311,22,いるか Starlight,いるか Starlight,Mikito P,2016-08-03,262493,10,7,1,0.517,0.0131,0.956,0.0013,0.438,-4.054,0.0648,156.969,4,0.83,7
312,23,さよならはきえない,さよならはきえない,Mikito P,2016-08-03,311826,9,2,1,0.518,0.3,0.924,2.1e-05,0.102,-3.456,0.0399,149.969,4,0.489,7
313,24,ガールズインターハイ,ガールズインターハイ,Mikito P,2016-08-03,259640,11,9,0,0.36,0.00154,0.92,1.73e-05,0.43,-3.637,0.0992,170.054,4,0.431,7
314,25,あのこサーティースリー,あのこサーティースリー,Mikito P,2015-09-16,244906,1,2,1,0.406,0.000934,0.976,0.0,0.321,-4.233,0.058,164.968,4,0.567,7
315,26,Ano-Ko Thirty-Three,Ano-Ko Thirty-Three,Mikito P,2015-09-16,244906,2,2,1,0.406,0.000934,0.976,0.0,0.321,-4.233,0.058,164.968,4,0.567,7
316,27,Curious,Curious,Mikito P,2015-09-02,263636,2,2,0,0.548,0.0298,0.922,0.0,0.285,-3.459,0.0421,131.983,4,0.66,7
317,28,きゅりあす,きゅりあす,Mikito P,2015-07-15,263636,1,2,0,0.548,0.0298,0.922,0.0,0.285,-3.459,0.0421,131.983,4,0.66,7
318,29,いーあるふぁんくらぶ,いーあるふぁんくらぶ,Mikito P,2012-12-12,238344,37,7,0,0.484,0.116,0.971,1.75e-06,0.092,-3.433,0.138,144.994,4,0.538,7
319,30,I-aru Fan Club,I-aru Fan Club,Mikito P,2012,238344,19,7,0,0.484,0.116,0.971,1.75e-06,0.092,-3.433,0.138,144.994,4,0.538,7
320,31,セツナトリップ,SPACE DIVE!!,Various Artists,2020-07-15,248506,2,5,0,0.229,0.00328,0.974,1.37e-06,0.0596,-3.837,0.234,143.907,4,0.477,7
321,32,PaⅢ.SENSATION,EXIT TUNES PRESENTS Entrance Dream Music'Turbo,Various Artists,2020-01-22,241592,3,6,1,0.477,0.012,0.956,0.00185,0.0556,-4.184,0.0746,180.009,4,0.777,7
322,33,ドリドリ,RGB 〜True Color〜,Shoko Nakagawa,2019-11-27,236240,28,1,0,0.456,0.00575,0.973,0.0,0.0789,-3.236,0.107,178.058,4,0.736,7
323,34,mrcl -Instrumental-,mrcl -Instrumental-,Shoko Nakagawa,2019-11-27,230709,0,5,1,0.436,1.79e-05,0.894,0.783,0.364,-7.189,0.0435,155.022,4,0.647,7
324,35,モザイクロール,EXIT TUNES PRESENTS Gumissimo from Megpoid ―10th ANNIVERSARY BEST―,Various Artists,2019-06-19,186000,13,5,1,0.515,0.00104,0.919,0.926,0.326,-3.623,0.0534,145.039,4,0.595,7
325,36,Cradle,カリギュラ オーバードーズ オリジナル・サウンドトラック,Various Artists,2018-05-23,240000,16,5,0,0.475,0.00146,0.853,0.00126,0.23,-10.556,0.0741,152.111,4,0.523,7
326,37,Cradle,Caligula Overdose Original Soundtrack,Various Artists,2018-05-23,240000,13,5,0,0.475,0.00146,0.853,0.00126,0.23,-10.556,0.0741,152.111,4,0.523,7
327,38,"""千本桜-かめりあ's """"KAIKASENGEN"""" Remix-""",EXIT TUNES PRESENTS Entrance Dream Music3,Various Artists,2016-08-03,250920,0,0,1,0.352,0.00206,0.96,3.47e-06,0.171,-2.478,0.0871,174.835,4,0.38,7
328,39,Yoshiwara Lament,Mayu Loves -First-,Various Artists,2016-02-10,227493,5,11,0,0.333,0.272,0.939,0.0,0.331,-3.152,0.0755,194.818,4,0.53,7
329,40,吉原ラメント,MAYU LOVES -First-,Various Artists,2016-02-10,227493,1,11,0,0.333,0.272,0.939,0.0,0.331,-3.152,0.0755,194.818,4,0.53,7
330,41,Yuudachi No Ribbon,Vocaloid3 Library Mayu,Various Artists,2015-12-02,228000,27,1,0,0.516,0.0239,0.978,0.000602,0.0732,-2.61,0.0615,114.97,4,0.668,7
331,42,天ノ弱(カバー),TRIBUTE TO 164,Various Artists,2015-10-21,198498,3,6,1,0.559,0.00925,0.919,0.0,0.107,-4.427,0.067,94.975,4,0.619,7
332,43,Rokuchounen To Ichiya Monogatari,Exit Tunes Academy Best 3,Various Artists,2015-08-01,218718,29,2,1,0.624,0.0174,0.934,2.76e-05,0.207,-2.323,0.254,93.004,4,0.327,7
333,44,"""E? Aa Sou.""",Exit Tunes Presents Actors,Various Artists,2015-08-01,206000,11,8,1,0.439,0.174,0.973,0.0,0.0477,-3.046,0.0747,191.856,4,0.856,7
334,45,Tsukiyo -Tsukiakari-,Exit Tunes Presents Gumical From Megpoid,Various Artists,2015-08-01,239600,17,1,1,0.45,0.0553,0.972,0.0,0.117,-2.944,0.0764,99.019,4,0.334,7
335,46,Rimokon,Exit Tunes Presents Actors 2,Various Artists,2015-08-01,308510,10,7,1,0.526,0.00652,0.934,1.12e-05,0.179,-6.052,0.106,164.955,4,0.598,7
336,47,Start,Exit Tunes Presents Stages,Various Artists,2015-08-01,198800,1,1,0,0.565,0.000178,0.903,2.93e-05,0.132,-2.176,0.0461,100.008,4,0.67,7
337,48,Setsuna Trip,Exit Tunes Presents Hanjyuku Girls,Various Artists,2015-08-01,247800,2,5,0,0.522,0.00313,0.983,6.41e-06,0.0555,-2.953,0.242,145.01,4,0.537,7
338,49,Amanojaku,Tribute To 164,Various Artists,2015-06-10,198498,0,6,1,0.559,0.00925,0.919,0.0,0.107,-4.427,0.067,94.975,4,0.619,7
339,50,Critical Line,Krad Matrix (Limited Edition),Various Artists,2015-03-18,214590,8,3,0,0.593,0.089,0.993,0.000165,0.169,-3.398,0.0658,127.984,4,0.557,7
340,51,"""Tenshou Gakuen Kashou Contest Kaienmae (Drama Part)""",Actors (Deluxe Duet Edition),Various Artists,2015-03-18,692740,0,11,0,0.588,0.399,0.649,0.0,0.683,-8.368,0.74,136.263,3,0.537,7
341,52,Echo,Exit Tunes Presents Entrance Dream Music2,Various Artists,2015-03-11,228400,24,3,0,0.568,0.196,0.918,0.0101,0.134,-4.63,0.0674,140.025,4,0.274,7
342,53,Kazemachi Hello World,Soyokaze Little Room Tribute To Add9 (Herip),Various Artists,2015-03-11,267000,2,0,1,0.598,0.0139,0.711,3.23e-05,0.461,-5.385,0.037,105.007,4,0.599,7
343,54,アスノヨゾラ哨戒班,EXIT TUNES PRESENTS Vocalofantasy feat.初音ミク,Various Artists,2015-03-04,176600,39,6,0,0.489,0.039,0.847,0.00598,0.102,-3.841,0.0735,185.048,4,0.24,7
344,55,CRITICAL LINE,KRAD MATRiX,Kradness,2015-03-04,214590,6,3,0,0.593,0.089,0.993,0.000165,0.169,-3.398,0.0658,127.984,4,0.557,7
345,56,天翔学園歌唱コンテスト・開演前(ドラマパート),ACTORS - Deluxe Duet Edition-,Various Artists,2015-03-04,692740,0,11,0,0.588,0.399,0.649,0.0,0.683,-8.368,0.74,136.263,3,0.537,7
346,57,カゲロウデイズ -初音ミク「マジカルミライ 2014」Live-,初音ミク「マジカルミライ 2014」 [Live],Various Artists,2015-02-25,235856,31,4,0,0.557,0.347,0.97,0.0,0.924,-2.205,0.0794,100.006,4,0.661,7
347,58,放課後ストライド (feat. 山本希望),EXIT TUNES PRESENTS 半熟少女2,Various Artists,2015-02-04,224075,8,4,1,0.521,2.59e-05,0.964,0.885,0.321,-4.154,0.132,112.601,4,0.62,7
348,59,威風堂々 (feat. 竜之介),ACTORS - Extra Edition 5 - feat.鷹翌、竜之介、鯆澄、一兎,Various Artists,2015-02-04,199470,15,10,0,0.747,0.00134,0.697,0.0,0.286,-8.092,0.0496,129.982,4,0.837,7
349,60,風待ちハローワールド,そよかぜリトルルーム tribute to add9(ヘリP),Various Artists,2015-02-04,267000,5,0,1,0.598,0.0139,0.711,3.23e-05,0.461,-5.385,0.037,105.007,4,0.599,7
350,61,ドリドリ,RGB - True Color,Shoko Nakagawa,2015,236240,21,1,0,0.456,0.00569,0.973,0.0,0.0789,-3.236,0.107,178.058,4,0.738,7
351,62,リモコン feat.緑川光×浅沼晋太郎(カバー),EXIT TUNES PRESENTS ACTORS 2,Various Artists,2014-09-17,308510,20,7,1,0.526,0.00652,0.934,1.12e-05,0.179,-6.052,0.106,164.955,4,0.598,7
352,63,六兆年と一夜物語 feat.ぐるたみん(カバー),EXIT TUNES ACADEMY BEST 3,Various Artists,2014-01-01,218718,30,2,1,0.624,0.0174,0.934,2.76e-05,0.207,-2.323,0.254,93.004,4,0.327,7
353,64,セツナトリップ feat.灯油(カバー),EXIT TUNES PRESENTS 神曲を歌ってみた7,Various Artists,2013-10-16,247000,14,5,0,0.424,0.00389,0.982,0.000193,0.0746,-2.479,0.22,144.855,4,0.455,7
354,65,ロストワンの号哭 feat.ぐるたみん(カバー),EXIT TUNES PRESENTS イケメンボイスパラダイス6,Various Artists,2013-10-02,215400,20,7,1,0.478,0.151,0.899,1.07e-06,0.305,-1.149,0.0901,161.957,4,0.813,7
355,66,インビジブル feat.ぐるたみん(カバー),EXIT TUNES ACADEMY BEST2,Various Artists,2013-09-18,214570,12,8,1,0.593,0.00916,0.991,0.0,0.323,-0.711,0.289,95.923,4,0.424,7
356,67,Rebirth feat.GUMI,BLURRY,164,2013-09-04,337200,2,8,1,0.369,0.0153,0.938,0.0,0.0702,-3.563,0.198,195.928,4,0.331,7
357,68,MEET YOUR ONLY WORLD feat.みちゃおん,MEET YOUR ONLY WORLD,Michaon,2013-07-03,236129,1,9,1,0.36,0.00723,0.938,0.0,0.0705,-3.699,0.0918,199.715,4,0.56,7
358,69,アルビノ,MAGICAL EFFECTORS 〜Tribute to buzzG〜,Various Artists,2013-07-03,237106,1,4,0,0.418,0.00601,0.978,0.000139,0.887,-5.152,0.114,93.804,4,0.284,7
359,70,赤心性:カマトト荒療治 feat.赤飯(カバー),赤BAN,Sekihan,2013-06-19,227789,8,11,0,0.568,0.00216,0.988,0.000141,0.0838,-2.57,0.0944,102.48,4,0.622,7
360,71,千本桜 feat.ぐるたみん(カバー),EXIT TUNES ACADEMY BEST,Various Artists,2013-05-01,244000,23,2,0,0.562,0.115,0.942,0.0,0.322,-1.944,0.0379,153.967,4,0.893,7
361,72,夜光列車,IA THE WORLD 〜星〜,Various Artists,2013-04-03,328720,0,5,1,0.551,0.0026,0.593,0.0,0.0854,-8.65,0.0273,119.997,4,0.23,7
362,73,GOING 2 DANCE,VOCALOID3 meets TRF,Vrf,2013-03-27,391880,2,0,1,0.484,0.00119,0.992,0.06,0.214,-4.275,0.111,139.977,4,0.327,7
363,74,Invisible,Matsushita Shita Shita Ue Ue←→Ab,Various Artists,2013,213500,28,8,1,0.621,0.0193,0.991,1.38e-05,0.327,-1.415,0.256,96.035,4,0.404,7
364,75,Setsuna Trip,Exit Tunes Presents Kamikyoku Wo Utattemita 7,Various Artists,2013,247000,8,5,0,0.424,0.00389,0.982,0.000193,0.0746,-2.479,0.22,144.855,4,0.455,7
365,76,Meet Your Only World,Meet Your Only World,Various Artists,2013,236129,1,9,1,0.36,0.00723,0.938,0.0,0.0705,-3.699,0.0918,199.715,4,0.56,7
366,77,Lost One No Goukoku,Exit Tunes Presents Ikemen Voice Paradise 6,Various Artists,2013,215400,20,7,1,0.478,0.151,0.899,1.07e-06,0.305,-1.149,0.0901,161.957,4,0.813,7
367,78,Sekishinsei: Kamatoto Araryouji,Aka Ban,Various Artists,2013,227789,15,11,0,0.568,0.00216,0.988,0.000141,0.0838,-2.57,0.0944,102.48,4,0.622,7
368,79,Invisible,Exit Tunes Academy Best2,Various Artists,2013,214570,4,8,1,0.593,0.00916,0.991,0.0,0.323,-0.711,0.289,95.923,4,0.424,7
369,80,Senbonzakura,Exit Tunes Academy Best,Various Artists,2013,244000,18,2,0,0.562,0.115,0.942,0.0,0.322,-1.944,0.0379,153.967,4,0.893,7
370,81,Rebirth,Blurry,Various Artists,2013,337200,2,8,1,0.369,0.0153,0.938,0.0,0.0702,-3.563,0.198,195.928,4,0.331,7
371,82,スレイプニル -sleipnir-,EXIT TUNES PRESENTS Storytellers RPG,Various Artists,2012-11-07,210600,1,9,1,0.284,0.0399,0.988,0.0992,0.358,-1.554,0.0948,196.092,4,0.506,7
372,83,夢幻,IA THE WORLD 〜風〜,Various Artists,2012-09-26,280880,0,3,0,0.461,0.155,0.947,3.38e-06,0.0832,-4.004,0.0707,94.972,4,0.248,7
373,84,glow feat.ぐるたみん(カバー),EXIT TUNES PRESENTS 神曲を歌ってみた6,Various Artists,2012-08-15,283500,12,5,0,0.437,0.141,0.864,0.0,0.0983,-2.601,0.0356,169.799,4,0.342,7
374,85,ネコミミアーカイブ(カバー) feat.ぐるたみん,EXIT TUNES PRESENTS イケメンボイスパラダイス4 ジャケットイラスト:星た,Various Artists,2012-05-02,209500,2,6,1,0.461,0.184,0.983,0.0,0.357,-0.896,0.142,164.026,4,0.563,7
375,86,心臓デモクラシー,EXIT TUNES PRESENTS Supernova(スーパーノヴァ)7 ジャケットイラストレーター:藤ちょこ,Various Artists,2012-04-18,229200,8,1,0,0.459,0.159,0.869,0.0,0.491,-4.85,0.0545,95.012,4,0.312,7
376,87,Sleipnir,Exit Tunes Presents Storytellers Rpg,Various Artists,2012,210600,1,9,1,0.284,0.0399,0.988,0.0992,0.358,-1.554,0.0948,196.092,4,0.506,7
377,88,Glow,Exit Tunes Presents Kamikyoku Wo Utattemita 6,Various Artists,2012,283500,10,5,0,0.437,0.141,0.864,0.0,0.0983,-2.601,0.0356,169.799,4,0.342,7
378,89,Setsuna Trip,Exit Tunes Presents Ikemen Voice Paradise 5,Various Artists,2012,252000,6,10,0,0.456,0.0108,0.982,0.00289,0.227,-3.668,0.258,145.1,4,0.477,7
380,0,Right Here,Right Here,Mikito P,2020-10-20,164606,10,4,0,0.601,0.843,0.259,0.905,0.11,-17.075,0.0276,139.974,4,0.451,7
381,1,だいよげん,だいよげん,Mikito P,2020-05-17,283478,12,9,1,0.637,0.475,0.899,0.0152,0.119,-5.349,0.0297,138.004,4,0.847,7
382,2,I meets You!!,I meets You!!,Mikito P,2020-04-19,220127,14,0,1,0.568,0.0925,0.949,0.0,0.238,-2.108,0.0653,157.089,4,0.519,7
383,3,Sister,Sister,Mikito P,2020-02-19,332571,6,1,1,0.605,0.306,0.578,0.00962,0.365,-6.7,0.0293,140.032,4,0.259,7
384,4,Green Shower,Green Shower,Mikito P,2019-10-01,260816,4,1,1,0.484,0.00376,0.884,0.0,0.297,-3.943,0.0515,195.956,4,0.593,7
385,5,少女ふぜゐ -Vocaloid Ver.,少女ふぜゐ -Vocaloid Ver.,Mikito P,2019-07-03,271875,19,7,1,0.5,0.0111,0.87,0.0,0.196,-5.151,0.044,128.03,4,0.466,7
386,6,39みゅーじっく!,39みゅーじっく! (feat.初音ミク),Mikito P,2017-08-31,265846,36,11,0,0.528,0.017,0.989,0.000473,0.0964,-2.967,0.0741,130.015,4,0.525,7
387,7,ガールズインターハイ,ガールズインターハイ,Mikito P,2016-08-03,259640,11,9,0,0.36,0.00154,0.92,1.73e-05,0.43,-3.637,0.0992,170.054,4,0.431,7
388,8,さよならはきえない,さよならはきえない,Mikito P,2016-08-03,311826,8,2,1,0.518,0.3,0.924,2.1e-05,0.102,-3.456,0.0399,149.969,4,0.489,7
389,9,いるか Starlight,いるか Starlight,Mikito P,2016-08-03,262493,10,7,1,0.517,0.0131,0.956,0.0013,0.438,-4.054,0.0648,156.969,4,0.83,7
390,10,Home Party,Home Party,Mikito P,2016-08-03,262880,8,9,1,0.683,0.0445,0.849,1.61e-05,0.121,-4.591,0.0254,110.022,4,0.751,7
391,11,Hoi,Hoi,Mikito P,2016-08-03,243186,10,9,1,0.266,0.0347,0.977,3.72e-06,0.042,-1.836,0.235,150.108,5,0.674,7
392,12,あのこサーティースリー,あのこサーティースリー,Mikito P,2015-09-16,244906,1,2,1,0.406,0.000934,0.976,0.0,0.321,-4.233,0.058,164.968,4,0.567,7
393,13,京都ダ菓子屋センソー,あのこサーティースリー,Mikito P,2015-09-16,284346,1,4,1,0.4,0.0345,0.883,0.0,0.129,-3.497,0.0423,76.46,4,0.644,7
394,14,きゅりあす,きゅりあす,Mikito P,2015-07-15,263636,1,2,0,0.548,0.0298,0.922,0.0,0.285,-3.459,0.0421,131.983,4,0.66,7
395,15,おもふといふ,きゅりあす,Mikito P,2015-07-15,286736,1,6,0,0.528,0.029,0.893,1.69e-06,0.177,-4.736,0.03,95.007,4,0.59,7
396,16,いーあるふぁんくらぶ,いーあるふぁんくらぶ,Mikito P,2012-12-12,238344,37,7,0,0.484,0.116,0.971,1.75e-06,0.092,-3.433,0.138,144.994,4,0.538,7
398,0,ハイスペックニート,アインシュタインが解けなかった問題,40mP,2018-12-31,198769,25,7,1,0.622,0.000931,0.952,0.0,0.0635,-2.691,0.0535,109.947,4,0.905,8
399,1,High Spec Neet,The Problem Einstein couldn't solve,40mP,2018-12-31,198769,16,7,1,0.622,0.000931,0.952,0.0,0.0635,-2.691,0.0535,109.947,4,0.905,8
400,2,プロローグ,ショートストーリー,40mP,2016-12-31,248823,5,4,1,0.594,0.00653,0.904,0.0,0.161,-3.063,0.0349,136.069,4,0.919,8
401,3,Prologue,Short Story,40mP,2016-12-31,248823,8,4,1,0.594,0.00653,0.904,0.0,0.161,-3.063,0.0349,136.069,4,0.919,8
402,4,Going My Way!,41m,40mP,2014-08-17,226576,15,2,1,0.574,0.00492,0.974,0.0,0.0281,-2.485,0.0522,127.968,4,0.738,8
403,5,Going My Way!,41m,40mP,2014-08-17,226576,6,2,1,0.574,0.00492,0.974,0.0,0.0281,-2.485,0.0522,127.968,4,0.738,8
404,6,Life size,LIFE SIZE NOTE -40mP-,40mP,2010-05-07,276000,6,7,1,0.541,0.0549,0.939,0.00111,0.0152,-3.244,0.0395,152.045,4,0.884,8
405,7,SHAKER,SHAKER,40mP,2019-04-22,257839,22,8,0,0.805,0.00518,0.529,0.00115,0.104,-4.368,0.0353,126.019,4,0.887,8
406,8,SHAKER,SHAKER,40mP,2019-04-22,257839,25,8,0,0.805,0.00518,0.529,0.00115,0.104,-4.368,0.0353,126.019,4,0.887,8
407,9,だんだん早くなる,だんだん早くなる,40mP,2015-08-16,137883,34,8,1,0.553,0.475,0.872,0.0,0.14,-2.922,0.11,131.068,4,0.946,8
408,10,Dan dan hayaku naru,Dan dan hayaku naru,40mP,2015-08-16,137883,29,8,1,0.553,0.475,0.872,0.0,0.14,-2.922,0.11,131.068,4,0.946,8
409,11,Snow Fairy Story (オーケストラ ver.),Snow Fairy Story(オーケストラ ver.),40mP,2015-02-05,272000,22,9,1,0.512,0.436,0.49,0.0,0.139,-4.113,0.0284,127.953,4,0.167,8
410,12,キミボシ,キミボシ,40mP,2013-12-11,262213,15,9,1,0.582,0.241,0.692,3.34e-06,0.25,-5.752,0.0258,103.996,4,0.415,8
411,13,キリトリセン (feat.GUMI),キリトリセン (feat.GUMI),40mP,2013-11-27,235200,32,6,0,0.527,0.406,0.901,0.0,0.16,-2.38,0.0363,165.018,4,0.939,8
412,14,シリョクケンサ (feat.GUMI),シリョクケンサ (feat.GUMI),40mP,2013-11-27,272000,32,5,0,0.598,0.00933,0.938,1.2e-05,0.0926,-4.342,0.0462,134.99,4,0.729,8
413,15,夢地図 (feat.GUMI),夢地図 (feat.GUMI),40mP,2013-11-27,188480,21,8,1,0.382,0.0211,0.936,0.00042,0.104,-2.097,0.051,176.03,4,0.883,8
414,16,モザイクロール,EXIT TUNES PRESENTS Gumissimo from Megpoid ―10th ANNIVERSARY BEST―,Various Artists,2019-06-19,186000,13,5,1,0.515,0.00104,0.919,0.926,0.326,-3.623,0.0534,145.039,4,0.595,8
415,17,Invitation,ウタカタリレイション,Various Artists,2015-12-29,143453,10,1,1,0.651,0.0405,0.968,0.00827,0.304,-3.475,0.0941,146.875,4,0.85,8
416,18,Invitation,Utakatarelation,Various Artists,2015-12-29,143453,3,1,1,0.651,0.0405,0.968,0.00827,0.304,-3.475,0.0941,146.875,4,0.85,8
417,19,Fire Flower,Actors - Songs Collection -,Various Artists,2015-09-23,262454,10,9,1,0.401,0.0243,0.894,0.0,0.202,-4.719,0.0887,175.12,4,0.371,8
418,20,Streaming Heart,Exit Tunes Presents Numbers,Various Artists,2015-08-19,181117,34,1,1,0.612,0.00179,0.888,0.0272,0.339,-10.697,0.0752,105.016,4,0.729,8
419,21,Aria,Exit Tunes Presents Supernova,Various Artists,2015-08-01,264000,15,9,1,0.463,0.151,0.854,0.0,0.244,-4.711,0.0392,175.01,4,0.478,8
420,22,"""Aa Subarashiki Nyansei""",Exit Tunes Presents 10 Dai Utattemita Live! Best 2,Various Artists,2015-08-01,220098,19,10,0,0.629,0.0809,0.809,1.39e-06,0.154,-4.3,0.0317,97.062,4,0.767,8
421,23,Soar -Overdrive-,Exit Tunes Presents Kamikyoku Wo Utattemita,Various Artists,2015-08-01,215000,3,9,1,0.534,0.51,0.978,0.000762,0.426,-0.945,0.0528,142.987,4,0.687,8
422,24,R‐18,Exit Tunes Presents Supernova,Various Artists,2015-08-01,295384,1,1,0,0.413,0.00788,0.983,0.0,0.222,-2.567,0.077,182.044,4,0.417,8
423,25,S-P-B Ryu Special Non Stop Mega-Mix,Exit Tunes Presents Super Producers Beat Mixed By Ryu,Various Artists,2015-08-01,144377,2,9,1,0.325,0.0399,0.977,0.000109,0.369,-2.919,0.231,148.569,4,0.446,8
424,26,Bunretsu Hakai,Exit Tunes Presents Supernova 3,Various Artists,2015-08-01,336000,3,2,1,0.427,0.396,0.976,0.00776,0.355,-3.404,0.154,92.345,4,0.302,8
425,27,Sky,Exit Tunes Presents 10 Dai Utattemita Live! Best,Various Artists,2015-08-01,319875,0,5,1,0.454,0.354,0.581,2.43e-05,0.11,-5.18,0.0445,150.098,4,0.23,8
426,28,Amanojaku,Amanojaku,Various Artists,2015-08-01,187000,17,2,1,0.483,0.0136,0.964,0.000215,0.322,-3.055,0.118,100.619,4,0.5,8
427,29,Just Be Friends - Piano Ver.,Exit Tunes Presents Ikemen Voice Paradise,Various Artists,2015-08-01,370000,9,2,1,0.696,0.901,0.273,0.0,0.0913,-9.618,0.0366,104.819,4,0.453,8
428,30,Start,Exit Tunes Presents Stages,Various Artists,2015-08-01,198800,1,1,0,0.565,0.000178,0.903,2.93e-05,0.132,-2.176,0.0461,100.008,4,0.67,8
429,31,Inori,Exit Tunes Presents Supernova 5,Various Artists,2015-08-01,279000,1,3,1,0.445,0.0439,0.942,0.0,0.0647,-3.472,0.0574,93.292,4,0.502,8
430,32,Setsuna Trip,Exit Tunes Presents Hanjyuku Girls,Various Artists,2015-08-01,247800,2,5,0,0.522,0.00313,0.983,6.41e-06,0.0555,-2.953,0.242,145.01,4,0.537,8
431,33,Delta,Extra Whipping Cream,Various Artists,2015-08-01,240000,0,4,1,0.527,0.0625,0.878,1.64e-06,0.164,-4.279,0.0367,151.927,4,0.767,8
432,34,Mosaic Roll,Exit Tunes Presents The Best Of Gumi From Megpoid,Various Artists,2015-03-11,183600,19,5,1,0.538,0.0018,0.933,0.807,0.333,-2.75,0.0581,145.023,4,0.62,8
433,35,Shiryoku Kensa,Exit Tunes Presents Supernova 6,Various Artists,2015-03-11,265100,1,5,0,0.597,0.015,0.947,3.56e-06,0.105,-3.38,0.0406,134.976,4,0.778,8
434,36,アスノヨゾラ哨戒班,EXIT TUNES PRESENTS Vocalofantasy feat.初音ミク,Various Artists,2015-03-04,176600,39,6,0,0.489,0.039,0.847,0.00598,0.102,-3.841,0.0735,185.048,4,0.24,8
435,37,カゲロウデイズ -初音ミク「マジカルミライ 2014」Live-,初音ミク「マジカルミライ 2014」 [Live],Various Artists,2015-02-25,235856,31,4,0,0.557,0.347,0.97,0.0,0.924,-2.205,0.0794,100.006,4,0.661,8
436,38,モザイクロール,EXIT TUNES PRESENTS THE BEST OF GUMI from Megpoid,Various Artists,2015-02-04,183600,0,5,1,0.538,0.0018,0.933,0.807,0.333,-2.75,0.0581,145.023,4,0.62,8
437,39,放課後ストライド (feat. 山本希望),EXIT TUNES PRESENTS 半熟少女2,Various Artists,2015-02-04,224075,8,4,1,0.521,2.59e-05,0.964,0.885,0.321,-4.154,0.132,112.601,4,0.62,8
438,40,威風堂々 (feat. 竜之介),ACTORS - Extra Edition 5 - feat.鷹翌、竜之介、鯆澄、一兎,Various Artists,2015-02-04,199470,15,10,0,0.747,0.00134,0.697,0.0,0.286,-8.092,0.0496,129.982,4,0.837,8
439,41,Berry,Berry,CHANO,2015-01-10,207522,5,2,1,0.648,0.0214,0.908,3.11e-05,0.132,-3.055,0.0616,125.976,4,0.595,8
440,42,Berry,Berry,シャノ,2015-01-10,207522,6,2,1,0.648,0.0214,0.908,3.11e-05,0.132,-3.055,0.0616,125.976,4,0.595,8
441,43,Connecting,Download feat.初音ミク,ヴァリアス,2014-12-10,299173,20,10,1,0.585,0.0867,0.851,0.0,0.0924,-3.9,0.0293,90.867,4,0.53,8
442,44,千本桜 -MIKU EXPO 2014 in INDONESIA Live-,HATSUNE MIKU EXPO 2014 IN INDONESIA [Live],Various Artists,2014-10-06,241640,32,2,0,0.399,0.00246,0.996,0.000328,0.595,-2.781,0.0834,154.024,4,0.399,8
443,45,Waltz of Knives,MIKU-MIXTURE,Various Artists,2014-02-19,315626,8,0,1,0.385,0.386,0.8,0.00579,0.0856,-6.615,0.049,152.982,4,0.143,8
444,46,Waltz of Knives,MIKU-MIXTURE,Various Artists,2014-02-19,315626,1,0,1,0.385,0.386,0.8,0.00579,0.0856,-6.615,0.049,152.982,4,0.143,8
445,47,夢地図,おさむらいさんせれくしょんVol.40mP,Osamuraisan,2013-12-31,186970,1,10,0,0.52,0.396,0.769,0.855,0.114,-6.159,0.0392,176.012,4,0.899,8
446,48,Dream map(Yume Chizu),Osamuraisan Selection Vol.40mP,Osamuraisan,2013-12-31,186970,10,10,0,0.52,0.396,0.769,0.855,0.114,-6.159,0.0392,176.012,4,0.899,8
447,49,キャラメル,Caramel,シャノ,2013-08-13,270353,1,1,1,0.436,0.105,0.905,0.0,0.304,-3.711,0.0563,200.113,4,0.68,8
448,50,Caramel,Caramel,CHANO,2013-08-13,270353,1,1,1,0.436,0.105,0.905,0.0,0.304,-3.711,0.0563,200.113,4,0.68,8
449,51,地球最後の告白を feat.GUMI,EXIT TUNES PRESENTS GUMing from Megpoid,Various Artists,2012-09-05,265200,40,5,1,0.52,0.0117,0.965,0.0,0.185,-1.939,0.0914,95.026,4,0.283,8
450,52,glow feat.ぐるたみん(カバー),EXIT TUNES PRESENTS 神曲を歌ってみた6,Various Artists,2012-08-15,283500,12,5,0,0.437,0.141,0.864,0.0,0.0983,-2.601,0.0356,169.799,4,0.342,8
451,53,Glitter (Starving Trancer Remix) feat.Another Infinity,Glitter/神巫詞,Mayumi Morinaga,2012-06-06,248000,23,0,1,0.388,0.629,0.964,0.0,0.0793,-4.176,0.093,140.085,4,0.159,8
452,54,ネコミミアーカイブ(カバー) feat.ぐるたみん,EXIT TUNES PRESENTS イケメンボイスパラダイス4 ジャケットイラスト:星た,Various Artists,2012-05-02,209500,2,6,1,0.461,0.184,0.983,0.0,0.357,-0.896,0.142,164.026,4,0.563,8
453,55,白い雪のプリンセスは,実谷ななゴールデンベスト -ボカロ曲を歌ってみた-,Nana Mitani,2012-03-21,260866,19,6,0,0.443,0.00195,0.903,2.61e-06,0.15,-2.101,0.0405,99.899,4,0.661,8
454,56,天ノ弱(カバー) feat. Mayumi Morinaga,天ノ弱 (feat. Mayumi Morinaga),Mayumi Morinaga,2012-02-01,187000,19,2,1,0.483,0.0136,0.964,0.000215,0.322,-3.055,0.118,100.619,4,0.5,8
455,57,Chikyuu Saigo No Kokuhaku Wo,Exit Tunes Presents Guming From Megpoid,Various Artists,2012,265200,25,5,1,0.52,0.0117,0.965,0.0,0.185,-1.939,0.0914,95.026,4,0.283,8
456,58,Glow,Exit Tunes Presents Kamikyoku Wo Utattemita 6,Various Artists,2012,283500,10,5,0,0.437,0.141,0.864,0.0,0.0983,-2.601,0.0356,169.799,4,0.342,8
457,59,Nekomimi Archive,Exit Tunes Presents Ikemen Voice Paradise 4,Various Artists,2012,209500,5,6,1,0.461,0.184,0.983,0.0,0.357,-0.896,0.142,164.026,4,0.563,8
458,60,からげんき 歌った feat.ろん (カバー),EXIT TUNES PRESENTS ろん BEST -ひっしに歌ってみた編- (ジャケットイラスト:砂吹) [feat. ろん],Lon,2011-11-02,286000,7,5,1,0.394,0.0264,0.867,1.24e-06,0.294,-1.293,0.0988,165.112,4,0.472,8
459,61,Promenade,Sugar,CHANO,2011-10-30,280253,6,11,1,0.606,0.185,0.91,0.0,0.0858,-2.999,0.0346,119.964,4,0.705,8
460,62,さんぽみち,Sugar,シャノ,2011-10-30,280253,5,11,1,0.606,0.185,0.91,0.0,0.0858,-2.999,0.0346,119.964,4,0.705,8
461,63,シリョクケンサ,EXIT TUNES PRESENTS Supernova(スーパーノヴァ)6 ジャケットイラストレーター:ざいん,Various Artists,2011-09-21,265100,13,5,0,0.597,0.015,0.947,3.56e-06,0.105,-3.38,0.0406,134.976,4,0.778,8
462,64,天ノ弱 feat.GUMI,EXIT TUNES PRESENTS GUMitive from Megpoid,Various Artists,2011-09-07,188300,9,9,1,0.438,0.037,0.953,0.0,0.298,-2.277,0.0988,100.432,4,0.706,8
463,65,Delta feat. Mayumi Morinaga,EXTRA Whipping Cream ジャケットイラストレーター:MACCO,Mayumi Morinaga,2011-09-07,240000,0,4,1,0.527,0.0625,0.878,1.64e-06,0.164,-4.279,0.0367,151.927,4,0.767,8
464,66,S・K・Y (feat. こまん),EXIT TUNES PRESENTS 10代うたってみたライブ!BEST ジャケットイラスト:おはぎ,Various Artists,2011-05-18,319875,0,5,1,0.454,0.354,0.581,2.43e-05,0.11,-5.18,0.0445,150.098,4,0.23,8
465,67,inori,EXIT TUNES PRESENTS Supernova(スーパーノヴァ)5 ジャケットイラスト:なぎみそ,Various Artists,2011-04-29,279000,0,3,1,0.445,0.0439,0.942,0.0,0.0647,-3.472,0.0574,93.292,4,0.502,8
466,68,Eager Believer,Exit Tunes Presents Kamikyoku Wo Utattemita 4,Various Artists,2011,250106,4,8,1,0.478,0.00885,0.891,0.0127,0.197,-1.428,0.0582,170.042,4,0.54,8
467,69,Amanojaku,Exit Tunes Presents Gumitive From Megpoid (Vocaloid),Various Artists,2011,188300,33,9,1,0.438,0.037,0.953,0.0,0.298,-2.277,0.0988,100.432,4,0.706,8
468,70,イーガービリーバー,EXIT TUNES PRESENTS 神曲を歌ってみた4,Various Artists,2011,250106,4,8,1,0.478,0.00885,0.891,0.0127,0.197,-1.428,0.0582,170.042,4,0.54,8
469,71,Panda Hero,Exit Tunes Presents Kamikyoku Wo Utattemita 5,Various Artists,2011,222500,15,11,0,0.591,0.0175,0.928,8e-05,0.102,-3.998,0.0807,95.034,4,0.796,8
470,72,Karagenki Utatta,Exit Tunes Presents Lon Best -Hisshi Ni Utattemita Hen-,Various Artists,2011,286000,3,5,1,0.394,0.0264,0.867,1.24e-06,0.294,-1.293,0.0988,165.112,4,0.472,8
471,73,Shiryoku Kensa,Exit Tunes Presents Gumish From Megpoid (Vocaloid),Various Artists,2011,265100,9,5,0,0.596,0.0165,0.951,1.32e-06,0.106,-3.155,0.0431,135.011,4,0.759,8
472,74,分裂→破壊,EXIT TUNES PRESENTS Supernova 3,Various Artists,2010-07-07,336000,5,2,1,0.427,0.396,0.976,0.00776,0.355,-3.404,0.154,92.345,4,0.302,8
473,75,S-P-B Ryu☆ SPECIAL NON STOP MEGA-MIX,EXIT TUNES PRESENTS SUPER PRODUCERS BEAT MIXED BY Ryu☆ ジャケットイラスト:獅子猿,Various Artists,2010-04-07,144377,1,9,1,0.325,0.0399,0.977,0.000109,0.369,-2.919,0.231,148.569,4,0.446,8
474,76,ARiA,EXIT TUNES PRESENTS Supernova(スーパーノヴァ)2 ジャケットイラスト:redjuice,Various Artists,2010-03-03,264000,12,9,1,0.463,0.151,0.854,0.0,0.244,-4.711,0.0392,175.01,4,0.478,8
475,77,R‐18,EXIT TUNES PRESENTS Supernova,Various Artists,2009-12-02,295384,5,1,0,0.413,0.00788,0.983,0.0,0.222,-2.567,0.077,182.044,4,0.417,8
477,0,SHAKER,SHAKER,40mP,2019-04-22,257839,22,8,0,0.805,0.00518,0.529,0.00115,0.104,-4.368,0.0353,126.019,4,0.887,8
478,1,だんだん早くなる,だんだん早くなる,40mP,2015-08-16,137883,34,8,1,0.553,0.475,0.872,0.0,0.14,-2.922,0.11,131.068,4,0.946,8
479,2,だんだん高くなる,だんだん早くなる,40mP,2015-08-16,143663,15,5,1,0.48,0.0766,0.964,0.0,0.31,-2.33,0.0599,196.08,4,0.847,8
480,3,だんだん近くなる,だんだん早くなる,40mP,2015-08-16,93311,13,9,1,0.964,0.817,0.659,1.03e-05,0.0969,-5.566,0.0532,105.02,4,0.651,8
481,4,だんだん好きになる,だんだん早くなる,40mP,2015-08-16,177543,9,2,1,0.549,0.421,0.613,0.0,0.0533,-2.952,0.0312,160.039,3,0.678,8
482,5,だんだん増えてゆく,だんだん早くなる,40mP,2015-08-16,181351,10,9,1,0.461,0.361,0.845,0.0,0.228,-4.217,0.0443,191.97,4,0.737,8
483,6,キミボシ,キミボシ,40mP,2013-12-11,262213,15,9,1,0.582,0.241,0.692,3.34e-06,0.25,-5.752,0.0258,103.996,4,0.415,8
484,7,夢地図 (feat.GUMI),夢地図 (feat.GUMI),40mP,2013-11-27,188480,21,8,1,0.382,0.0211,0.936,0.00042,0.104,-2.097,0.051,176.03,4,0.883,8
485,8,シリョクケンサ (feat.GUMI),シリョクケンサ (feat.GUMI),40mP,2013-11-27,272000,32,5,0,0.598,0.00933,0.938,1.2e-05,0.0926,-4.342,0.0462,134.99,4,0.729,8
486,9,キリトリセン (feat.GUMI),キリトリセン (feat.GUMI),40mP,2013-11-27,235200,32,6,0,0.527,0.406,0.901,0.0,0.16,-2.38,0.0363,165.018,4,0.939,8
488,0,猫猫的宇宙論,ナユタン星からの物体N,Nayutalien,2020-04-29,216446,20,1,0,0.591,0.00197,0.958,0.000521,0.383,-1.704,0.0579,134.049,4,0.621,9
489,1,Cosmology of NyanNyan,Object N from Star NayutaN,Nayutalien,2020-04-29,216446,13,1,0,0.591,0.00197,0.958,0.000521,0.383,-1.704,0.0579,134.049,4,0.621,9
490,2,ユーフォーユーフォー,ナユタン星からの物体Z,Nayutalien,2018-08-29,198266,22,11,0,0.525,0.0158,0.927,2.01e-05,0.257,-1.885,0.136,166.095,4,0.687,9
491,3,エイリアンエイリアン,ナユタン星への快爽列車,Nayutalien,2017-09-27,184000,33,11,0,0.497,0.0111,0.944,0.0,0.0959,-3.072,0.0925,151.845,4,0.646,9
492,4,Alien Alien,Nayutan Sei Eno Kaisou Ressya,Nayutalien,2017-09-27,184000,32,11,0,0.497,0.0111,0.944,0.0,0.0959,-3.072,0.0925,151.845,4,0.646,9
493,5,エイリアンエイリアン,ナユタン星からの物体Y,Nayutalien,2016-12-31,181973,46,7,1,0.52,0.011,0.973,4.02e-06,0.0629,-0.565,0.0868,151.939,4,0.594,9
494,6,Alien Alien,Nayutan Sei Kara No Buttai Y,Nayutalien,2016-12-31,181973,49,7,1,0.52,0.011,0.973,4.02e-06,0.0629,-0.565,0.0868,151.939,4,0.594,9
495,7,アンドロメダアンドロメダ,ナユタン星からの物体X(remake),Nayutalien,2016-07-01,182957,18,4,1,0.755,0.0496,0.778,0.0,0.325,-2.711,0.0561,142.016,4,0.907,9
496,8,Andromeda Andromeda,Nayutan Sei Karano Buttai X (remake),Nayutalien,2016-07-01,182957,15,4,1,0.755,0.0496,0.778,0.0,0.325,-2.711,0.0561,142.016,4,0.907,9
497,9,アンドロメダアンドロメダ,ナユタン星からの物体X,Nayutalien,2016-01-16,182957,29,4,1,0.755,0.0496,0.778,0.0,0.325,-2.711,0.0561,142.016,4,0.907,9
498,10,銀河電燈,銀河電燈,Nayutalien,2021-03-21,187745,24,8,1,0.597,0.00652,0.857,7.51e-05,0.287,-2.303,0.0427,140.037,4,0.698,9
499,11,Galaxy Lightway,Galaxy Lightway,Nayutalien,2021-03-21,187745,20,8,1,0.597,0.00652,0.857,7.51e-05,0.287,-2.303,0.0427,140.037,4,0.698,9
500,12,いにしえロマンティック,いにしえロマンティック,Nayutalien,2021-01-23,185901,35,2,1,0.535,0.0094,0.981,0.00216,0.338,-0.8,0.0621,155.004,4,0.728,9
501,13,Ancient Romantic,Ancient Romantic,Nayutalien,2021-01-23,185901,20,2,1,0.535,0.0094,0.981,0.00216,0.338,-0.8,0.0621,155.004,4,0.728,9
502,14,学園スペーシー,学園スペーシー,Nayutalien,2021-01-23,219870,30,10,0,0.55,0.0215,0.955,0.0,0.253,-4.602,0.0814,154.953,4,0.641,9
503,15,School Spacey,School Spacey,Nayutalien,2021-01-23,219870,14,10,0,0.55,0.0215,0.955,0.0,0.253,-4.602,0.0814,154.953,4,0.641,9
504,16,halo,halo,Nayutalien,2020-10-06,185000,18,5,0,0.303,0.000479,0.932,1.46e-06,0.187,-2.912,0.158,184.75,4,0.633,9
505,17,halo,halo,Nayutalien,2020-10-06,185000,13,5,0,0.303,0.000479,0.932,1.46e-06,0.187,-2.912,0.158,184.75,4,0.633,9
506,18,水色侵略,水色侵略,Nayutalien,2020-09-05,249560,27,6,1,0.3,0.00146,0.955,1.12e-05,0.121,-0.482,0.0788,181.889,4,0.44,9
507,19,Light Blue Invasion,Light Blue Invasion,Nayutalien,2020-09-05,249560,27,6,1,0.3,0.00146,0.955,1.12e-05,0.121,-0.482,0.0788,181.889,4,0.44,9
508,20,大宇宙ランデブー,大宇宙ランデブー,Nayutalien,2020-08-06,205609,17,1,1,0.394,0.00961,0.944,1.84e-05,0.357,-0.2,0.0487,164.023,4,0.649,9
509,21,Great Cosmic Rendezvous,Great Cosmic Rendezvous,Nayutalien,2020-08-06,205609,10,1,1,0.394,0.00961,0.944,1.84e-05,0.357,-0.2,0.0487,164.023,4,0.649,9
510,22,サイファイエクスタシー,サイファイエクスタシー,Nayutalien,2020-05-12,180000,19,1,0,0.436,0.00351,0.917,1.09e-06,0.0995,-1.695,0.0907,170.017,4,0.552,9
511,23,Sci-Fi Ecstasy,Sci-Fi Ecstasy,Nayutalien,2020-05-12,180000,14,1,0,0.436,0.00351,0.917,1.09e-06,0.0995,-1.695,0.0907,170.017,4,0.552,9
512,24,猫猫的宇宙論,猫猫的宇宙論,Nayutalien,2020-02-25,216716,29,11,1,0.6,0.00529,0.947,1.52e-05,0.406,-1.007,0.0634,134.084,4,0.711,9
513,25,Cosmology of NyanNyan,Cosmology of NyanNyan,Nayutalien,2020-02-25,216716,18,11,1,0.6,0.00529,0.947,1.52e-05,0.406,-1.007,0.0634,134.084,4,0.711,9
514,26,藍と極星 - Vocaloid ver.,藍と極星 (Vocaloid ver.),Nayutalien,2018-08-29,188769,14,8,1,0.664,0.0241,0.73,2.76e-06,0.0584,-5.902,0.0283,130.025,4,0.79,9
515,27,Indigo and Polar Star - Vocaloid ver.,Indigo and Polar Star (Vocaloid ver.),Nayutalien,2018-08-29,188769,6,8,1,0.664,0.0241,0.73,2.76e-06,0.0584,-5.902,0.0283,130.025,4,0.79,9
516,28,ならばおさらば,Sunny!!,P丸様｡,2021-03-17,223120,36,10,1,0.505,0.0722,0.879,0.0,0.0791,-3.471,0.0544,97.809,4,0.671,9
517,29,PaⅢ.SENSATION,EXIT TUNES PRESENTS Entrance Dream Music'Turbo,Various Artists,2020-01-22,241592,3,6,1,0.477,0.012,0.956,0.00185,0.0556,-4.184,0.0746,180.009,4,0.777,9
518,30,コズミックメロンソーダマジックラブ,VOCALOID 夢眠ネム,Various Artists,2017-07-05,284706,11,11,1,0.459,0.0452,0.99,0.0,0.0548,-2.913,0.0967,169.946,4,0.663,9
519,31,"""千本桜-かめりあ's """"KAIKASENGEN"""" Remix-""",EXIT TUNES PRESENTS Entrance Dream Music3,Various Artists,2016-08-03,250920,0,0,1,0.352,0.00206,0.96,3.47e-06,0.171,-2.478,0.0871,174.835,4,0.38,9
521,0,銀河電燈,銀河電燈,Nayutalien,2021-03-21,187745,24,8,1,0.597,0.00652,0.857,7.51e-05,0.287,-2.303,0.0427,140.037,4,0.698,9
522,1,学園スペーシー,学園スペーシー,Nayutalien,2021-01-23,219870,30,10,0,0.55,0.0215,0.955,0.0,0.253,-4.602,0.0814,154.953,4,0.641,9
523,2,いにしえロマンティック,いにしえロマンティック,Nayutalien,2021-01-23,185901,35,2,1,0.535,0.0094,0.981,0.00216,0.338,-0.8,0.0621,155.004,4,0.728,9
524,3,halo,halo,Nayutalien,2020-10-06,185000,18,5,0,0.303,0.000479,0.932,1.46e-06,0.187,-2.912,0.158,184.75,4,0.633,9
525,4,水色侵略,水色侵略,Nayutalien,2020-09-05,249560,27,6,1,0.3,0.00146,0.955,1.12e-05,0.121,-0.482,0.0788,181.889,4,0.44,9
526,5,大宇宙ランデブー,大宇宙ランデブー,Nayutalien,2020-08-06,205609,17,1,1,0.394,0.00961,0.944,1.84e-05,0.357,-0.2,0.0487,164.023,4,0.649,9
527,6,サイファイエクスタシー,サイファイエクスタシー,Nayutalien,2020-05-12,180000,19,1,0,0.436,0.00351,0.917,1.09e-06,0.0995,-1.695,0.0907,170.017,4,0.552,9
528,7,猫猫的宇宙論,猫猫的宇宙論,Nayutalien,2020-02-25,216716,29,11,1,0.6,0.00529,0.947,1.52e-05,0.406,-1.007,0.0634,134.084,4,0.711,9
529,8,藍と極星 - Vocaloid ver.,藍と極星 (Vocaloid ver.),Nayutalien,2018-08-29,188769,14,8,1,0.664,0.0241,0.73,2.76e-06,0.0584,-5.902,0.0283,130.025,4,0.79,9
